# excursion = max-min of that vector over timepoints 25..1999,
# i.e. after the internal timestep collapsed (simulated span 1.7453e-11 s)
name,excursion,value_at_collapse,value_at_last
i(e.xdut.xvco.xcdec2.ec_moscap),1.250000e-01,-7.361037e-05,-3.768851e-02
i(e.xdut.xvco.xcdec1.ec_moscap),1.250000e-01,-7.361037e-05,-3.768851e-02
v(xdut.xvco.y4),6.435128e-02,2.615309e+00,2.550958e+00
v(xdut.xvco.y3),3.488160e-02,2.381526e+00,2.416408e+00
v(xdut.xvco.xs3.nh),3.457618e-02,2.420548e+00,2.455124e+00
v(xdut.xvco.xs4.nt),2.727639e-02,1.315354e+00,1.342630e+00
v(xdut.xvco.xs4.nh),1.129565e-02,3.202035e+00,3.213330e+00
v(xdut.xvco.xs5.nh),7.442990e-03,3.277727e+00,3.270284e+00
i(e.xdut.xlf.xcf4.ec_moscap),3.689572e-03,-7.220297e-06,-3.696792e-03
i(e.xdut.xlf.xcf3.ec_moscap),3.689572e-03,-7.220297e-06,-3.696792e-03
i(e.xdut.xlf.xcf2.ec_moscap),3.689572e-03,-7.220297e-06,-3.696792e-03
i(e.xdut.xlf.xcf1.ec_moscap),3.689572e-03,-7.220297e-06,-3.696792e-03
v(xdut.xvco.y1),2.230752e-03,3.283332e+00,3.285562e+00
v(xdut.xvco.y2),1.860065e-03,6.266326e-02,6.080320e-02
v(xdut.xvco.xs2.nt),1.767265e-03,5.076478e-02,4.899752e-02
v(xdut.xvco.xs1.nh),1.725324e-03,3.285385e+00,3.287110e+00
v(xdut.xvco.y5),1.120732e-03,-1.949898e-02,-1.857902e-02
v(xdut.xvco.vbp),6.425376e-04,2.239939e+00,2.240581e+00
v(xdut.xvco.xs5.nt),5.920514e-04,-1.726186e-02,-1.770021e-02
v(xdut.xvco.nb1),3.309712e-04,3.299583e+00,3.299914e+00
v(xdut.xvco.vbn),1.584683e-04,8.985759e-01,8.987344e-01
v(xdut.xvco.xs1.nt),9.756388e-05,-3.677165e-05,6.079223e-05
v(xdut.xvco.xs2.nh),4.613611e-05,3.301772e+00,3.301726e+00
v(xdut.xvco.xs3.nt),3.535748e-05,-5.266718e-05,-1.730970e-05
v(xdut.xvco.nb2),1.649314e-05,-9.860584e-07,1.550709e-05
v(xdut.xvco.xbias.gc),5.810269e-06,2.458505e+00,2.458511e+00
v(clk),2.213782e-06,3.300000e+00,3.300003e+00
v(xdut.xvco.xbias.vbp2),1.595894e-06,2.458547e+00,2.458549e+00
i(vgndvco),1.468012e-06,2.610341e-04,2.625021e-04
i(vvddvco),1.467913e-06,-2.610355e-04,-2.625034e-04
v(xdut.xvco.xbias.b2b),9.201118e-07,4.592428e-07,1.379355e-06
v(xdut.xdiv.xd0.xfq.ckb),8.601659e-08,4.218612e-08,1.282027e-07
v(xdut.xdiv.xfrt.ckb),8.557768e-08,4.210235e-08,1.276800e-07
v(xdut.xdiv.xd0.xfmo.ckb),8.557063e-08,4.210995e-08,1.276806e-07
v(xdut.xvco.xbias.gb),5.709283e-08,6.484405e-01,6.484405e-01
v(xdut.xvco.xbias.vbn1),3.904966e-08,6.484405e-01,6.484405e-01
v(xdut.xdiv.xfrt.nm),1.277052e-08,3.300000e+00,3.300000e+00
v(xdut.xdiv.xd0.xfmo.nm),1.276786e-08,3.300000e+00,3.300000e+00
v(xdut.xdiv.xd0.xfq.ns),1.207035e-08,3.300000e+00,3.300000e+00
v(xdut.xdiv.xd0.xfq.nma),7.211578e-09,3.300000e+00,3.300000e+00
v(xdut.xdiv.xd0.xfq.ckbb),6.963249e-09,3.300000e+00,3.300000e+00
v(xdut.xdiv.xfrt.ckbb),6.923821e-09,3.300000e+00,3.300000e+00
v(xdut.xdiv.xd0.xfmo.ckbb),6.920735e-09,3.300000e+00,3.300000e+00
v(xdut.xdiv.xfrt.nmb),6.751275e-09,3.300000e+00,3.300000e+00
v(xdut.xdiv.xd0.xfmo.nmb),6.748477e-09,3.300000e+00,3.300000e+00
v(xdut.xdiv.xd0.xfq.nm),4.414576e-09,7.045195e-08,7.391028e-08
v(xdut.xdiv.xd0.xfmo.ns),4.218923e-09,3.296299e-08,3.667919e-08
v(xdut.xdiv.xfrt.ns),4.205596e-09,3.298225e-08,3.667573e-08
v(xdut.xdiv.xd0.xfq.nmb),1.974706e-09,4.221001e-08,4.302807e-08
v(xdut.xdiv.xfrt.nma),1.825271e-09,2.422056e-08,2.469010e-08
v(xdut.xdiv.xd0.xfmo.nma),1.817653e-09,2.422233e-08,2.468584e-08
v(xdut.xvco.xbias.b1b),1.785552e-09,5.031722e-09,6.817274e-09
v(xdut.xvco.xbias.ga),1.489236e-09,2.560247e+00,2.560247e+00
v(xdut.xdiv.fbb),9.628959e-10,1.254661e-08,1.191593e-08
v(xdut.xdiv.xd0.mob),9.440884e-10,1.252801e-08,1.192342e-08
v(xdut.xdiv.xd0.dmo),8.955598e-10,3.068734e-08,3.012413e-08
v(divout),6.201505e-10,1.610211e-08,1.555477e-08
v(xdut.xdiv.xd0.dq),5.748948e-10,3.300000e+00,3.300000e+00
v(xdut.xvco.xbias.vbp0),5.287402e-10,2.560247e+00,2.560247e+00
i(vvdddiv),4.785276e-10,-3.160243e-09,-3.410922e-09
v(fb),4.298948e-10,3.300000e+00,3.300000e+00
v(xdut.xdiv.xd0.q),4.207268e-10,6.544825e-09,6.591037e-09
v(xdut.xdiv.mo0),3.238299e-10,3.300000e+00,3.300000e+00
v(xdut.xdiv.xd0.qb),3.069811e-10,3.300000e+00,3.300000e+00
v(xdut.xdiv.xd0.nmo),2.401737e-10,3.300000e+00,3.300000e+00
v(xdut.xdiv.xd0.dqn),2.111746e-10,1.210822e-08,1.191000e-08
i(vvss),1.921085e-10,3.626970e-05,3.626977e-05
v(xdut.xdiv.xd0.xn3.nm2),1.538406e-10,1.460270e-08,1.444886e-08
v(xdut.xdiv.divoutb),1.201910e-10,3.300000e+00,3.300000e+00
v(xdut.xdiv.xd0.xn2q.nmid),1.105589e-10,6.050995e-09,5.967764e-09
v(xdut.xpfd.xpfd.xed_fb.d1),9.769085e-11,1.057115e-08,1.047346e-08
i(vb2),9.001440e-11,8.363744e-11,1.736518e-10
v(xdut.xvco.xbias.b0b),5.679865e-11,6.069348e-09,6.126147e-09
v(xdut.xpfd.xpfd.xed_fb.xnd.ni),4.868195e-11,2.789103e+00,2.789103e+00
v(xdut.xdiv.ck1),4.494258e-11,3.482085e-09,3.441347e-09
v(xdut.xpfd.xpfd.xed_fb.nn),4.019096e-11,3.300000e+00,3.300000e+00
v(xdut.xpfd.xpfd.xed_fb.d2),3.507683e-11,3.300000e+00,3.300000e+00
v(xdut.xvco.xbias.vfix),3.346412e-11,1.484905e+00,1.484905e+00
v(xdut.xdiv.xd0.sb),3.010392e-11,3.300000e+00,3.300000e+00
v(xdut.xdiv.xmno.pmid),2.948619e-11,3.300000e+00,3.300000e+00
v(xdut.xdiv.mb),2.910302e-11,1.780481e-08,1.777571e-08
v(xdut.xdiv.xd0.xn2m.nmid),2.871303e-11,2.847072e+00,2.847072e+00
v(xdut.xdiv.mi0),2.512524e-11,3.300000e+00,3.300000e+00
v(xdut.xvco.xbias.noff),1.678635e-11,6.586251e-01,6.586251e-01
v(xdut.xvco.xbias.xroff.11),1.678080e-11,6.584068e-01,6.584068e-01
v(xdut.xpfd.xpfd.xed_fb.d5),1.625818e-11,1.049476e-08,1.047850e-08
i(vvdd),1.458735e-11,-5.752032e-05,-5.752032e-05
v(xdut.xdiv.t0),1.067102e-11,3.300000e+00,3.300000e+00
v(xdut.xdiv.xd1.xfq.ckb),1.022693e-11,3.300000e+00,3.300000e+00
v(xdut.xdiv.xmb.nm1),1.003083e-11,1.186116e-08,1.185493e-08
v(xdut.xdiv.xd1.xfmo.ckb),9.994228e-12,3.300000e+00,3.300000e+00
v(xdut.xvco.xbias.nmd),9.114376e-12,6.416681e-01,6.416681e-01
v(xdut.xdiv.t3),8.199219e-12,3.300000e+00,3.300000e+00
i(vb1),7.913783e-12,5.344283e-12,1.325807e-11
v(xdut.xpfd.xpfd.pf),7.884636e-12,1.048820e-08,1.048031e-08
v(xdut.xpfd.xcp.xn_t0.mid),7.019052e-12,4.637430e-01,4.637430e-01
v(xdut.xdiv.ma),6.635032e-12,1.778506e-08,1.778090e-08
v(xdut.xdiv.nmi0),5.805735e-12,1.087257e-08,1.086677e-08
v(xdut.xpfd.xpfd.xed_fb.d3),5.681314e-12,1.048608e-08,1.048040e-08
v(xdut.xpfd.xcp.xp_base.mid),5.134115e-12,3.213992e+00,3.213992e+00
v(xdut.xdiv.xd0.xn3.nm1),4.583889e-12,2.851641e+00,2.851641e+00
v(xdut.xpfd.xpfd.xed_fb.d4),4.504841e-12,3.300000e+00,3.300000e+00
v(xdut.xpfd.xcp.xp_t1b.mid),4.404033e-12,3.213992e+00,3.213992e+00
v(xdut.xpfd.xcp.xp_t1a.mid),4.404033e-12,3.213992e+00,3.213992e+00
v(xdut.xdiv.xmb.nm2),4.351495e-12,5.927851e-09,5.928817e-09
v(icp),3.680167e-12,2.461120e+00,2.461120e+00
v(xdut.xdiv.xd1.xfmo.nma),3.456346e-12,3.300000e+00,3.300000e+00
v(xdut.xpfd.xpfd.xlat_fb.xn2.ni),3.330669e-12,2.789103e+00,2.789103e+00
v(xdut.xdiv.xm0.nmid),3.175654e-12,8.095117e-02,8.095117e-02
v(xdut.xpfd.xpfd.sbf),2.979839e-12,3.300000e+00,3.300000e+00
v(xdut.xdiv.nmi1),2.867040e-12,3.300000e+00,3.300000e+00
v(xdut.xdiv.xd3.sb),2.574829e-12,3.300000e+00,3.300000e+00
v(xdut.xdiv.xma.nm1),2.507358e-12,1.185460e-08,1.185502e-08
v(xdut.xpfd.xcp.xbuf.pda),2.413181e-12,5.524841e-01,5.524841e-01
v(xdut.xdiv.mo1),2.411848e-12,3.300000e+00,3.300000e+00
v(xdut.xpfd.xcp.xbuf.psrc),2.397638e-12,2.118015e+00,2.118015e+00
v(xdut.xdiv.xd1.xfq.nmb),2.351008e-12,3.300000e+00,3.300000e+00
v(xdut.xdiv.t4),2.322142e-12,3.300000e+00,3.300000e+00
v(xdut.xdiv.xd3.xn3.nm1),2.303047e-12,2.878871e+00,2.878871e+00
v(xdut.xpfd.xpfd.rd13),2.204903e-12,3.300000e+00,3.300000e+00
v(xdut.xdiv.xnr1.pmid),2.194245e-12,3.300000e+00,3.300000e+00
v(xdut.xld.xerr.n3),2.183143e-12,3.300000e+00,3.300000e+00
v(xdut.xdiv.xd1.xfmo.ckbb),2.048215e-12,5.903495e-09,5.901447e-09
v(xdut.xdiv.xd1.xfmo.ns),1.837952e-12,6.699367e-08,6.699183e-08
v(xdut.xdiv.xma.nm2),1.755406e-12,5.926685e-09,5.927909e-09
v(xdut.xpfd.xpfd.nrst),1.724842e-12,3.300000e+00,3.300000e+00
v(xdut.xdiv.xd4.sb),1.623146e-12,3.300000e+00,3.300000e+00
v(xdut.xdiv.xd1.xfmo.nm),1.572094e-12,3.057887e-08,3.057730e-08
v(xdut.xdiv.xd1.mob),1.525525e-12,3.883883e-08,3.883731e-08
v(xdut.xpfd.xcp.xp_base.bg),1.483258e-12,2.574871e+00,2.574871e+00
v(xdut.xpfd.xcp.xp_t1b.bg),1.477041e-12,2.574871e+00,2.574871e+00
v(xdut.xpfd.xcp.xp_t1a.bg),1.477041e-12,2.574871e+00,2.574871e+00
v(xdut.xdiv.t5),1.473044e-12,3.300000e+00,3.300000e+00
v(ibp),1.418865e-12,2.574871e+00,2.574871e+00
v(xdut.xld.xsch.n1),1.371347e-12,2.824298e+00,2.824298e+00
v(xdut.xpfd.xpfd.rd23),1.336709e-12,3.300000e+00,3.300000e+00
v(xdut.xdiv.mo4),1.265654e-12,3.300000e+00,3.300000e+00
v(xdut.xdiv.xd1.dmo),1.265180e-12,2.063148e-08,2.063022e-08
v(xdut.xdiv.xd1.xfq.ckbb),1.220513e-12,5.903297e-09,5.902156e-09
v(xdut.xdiv.xd5.xfq.nm),1.216360e-12,3.300000e+00,3.300000e+00
v(xdut.xld.xerr.xg1.nmid),1.211919e-12,2.847072e+00,2.847072e+00
v(xdut.xdiv.ck4),1.202149e-12,3.300000e+00,3.300000e+00
v(xdut.xpfd.xcp.dnb),1.191935e-12,3.300000e+00,3.300000e+00
v(xdut.xpfd.xpfd.rd15),1.147082e-12,3.300000e+00,3.300000e+00
v(xdut.vwin),1.120987e-12,1.270061e-03,1.270061e-03
v(xdut.xdiv.xd4.xfq.ns),1.117328e-12,3.300000e+00,3.300000e+00
v(xdut.xdiv.xd3.xfmo.ns),1.088907e-12,3.300000e+00,3.300000e+00
v(xdut.xpfd.xpfd.rd11),1.055156e-12,3.300000e+00,3.300000e+00
v(xdut.xpfd.xcp.vdump),1.020073e-12,1.418975e+00,1.418975e+00
v(xdut.xdiv.xd1.sb),9.880985e-13,3.300000e+00,3.300000e+00
v(xdut.xdiv.xd4.xfq.nma),9.858780e-13,3.300000e+00,3.300000e+00
v(xdut.xld.xerr.n1),9.818812e-13,3.300000e+00,3.300000e+00
v(xdut.xdiv.xd5.dq),9.681145e-13,3.300000e+00,3.300000e+00
v(xdut.xdiv.xd1.xfmo.nmb),9.424726e-13,1.106892e-08,1.106798e-08
v(xdut.xdiv.xd3.xfq.nma),9.250378e-13,3.300000e+00,3.300000e+00
v(xdut.xdiv.xd4.xfmo.ckbb),9.241496e-13,3.300000e+00,3.300000e+00
v(xdut.xpfd.xpfd.rd7),9.081624e-13,3.300000e+00,3.300000e+00
v(xdut.xpfd.xcp.xp_t0.mid),9.079404e-13,1.327295e+00,1.327295e+00
v(xdut.xpfd.xpfd.rd3),9.001688e-13,3.300000e+00,3.300000e+00
v(xdut.xdiv.xd4.dq),8.877343e-13,3.300000e+00,3.300000e+00
v(xdut.xdiv.xnr3.pmid),8.344436e-13,6.213614e-01,6.213614e-01
v(xdut.xdiv.xd1.xfq.nm),8.339995e-13,3.300000e+00,3.300000e+00
v(xdut.xdiv.xd5.sb),8.331114e-13,3.300000e+00,3.300000e+00
v(xdut.xdiv.xd4.xfmo.nm),8.260059e-13,3.300000e+00,3.300000e+00
v(xdut.xdiv.mi3),8.242296e-13,3.300000e+00,3.300000e+00
v(xdut.xpfd.xpfd.rd5),8.211209e-13,3.300000e+00,3.300000e+00
v(xdut.xdiv.xd1.qb),8.033574e-13,3.300000e+00,3.300000e+00
v(xdut.xdiv.xnr0.pmid),7.975842e-13,6.213603e-01,6.213603e-01
v(xdut.xvco.xbias.nvi),7.739365e-13,6.362326e-01,6.362326e-01
v(xdut.xvco.xbias.xrdeg.11),7.737144e-13,6.360217e-01,6.360217e-01
v(xdut.xdiv.xd1.xfq.ns),7.731593e-13,3.300000e+00,3.300000e+00
v(xdut.xdiv.xd5.xfq.ckb),7.629453e-13,3.300000e+00,3.300000e+00
v(xdut.xdiv.xd4.qb),7.611689e-13,3.300000e+00,3.300000e+00
v(xdut.xdiv.t2),7.580603e-13,3.300000e+00,3.300000e+00
v(xdut.xdiv.xd2.xfq.nm),7.571721e-13,3.300000e+00,3.300000e+00
v(xdut.xdiv.xd3.dmo),7.509549e-13,3.300000e+00,3.300000e+00
v(xdut.xpfd.xcp.xbuf.nsrc),7.424061e-13,6.629720e-01,6.629720e-01
v(xdut.xdiv.xd1.dq),7.349676e-13,3.300000e+00,3.300000e+00
v(xdut.xpfd.xpfd.rd1),6.892265e-13,3.300000e+00,3.300000e+00
v(xdut.xdiv.xd2.xfq.ckbb),6.614212e-13,5.902385e-09,5.901825e-09
v(xdut.xld.xsch.p1),6.568079e-13,3.300000e+00,3.300000e+00
v(xdut.xdiv.xd2.xfmo.ckb),6.559198e-13,3.300000e+00,3.300000e+00
v(xdut.xdiv.xd3.mob),6.519230e-13,3.300000e+00,3.300000e+00
v(xdut.xdiv.xd2.xfmo.ns),6.510348e-13,3.300000e+00,3.300000e+00
v(ibn),6.433742e-13,6.076709e-01,6.076709e-01
v(xdut.xvco.xbias.na),6.431522e-13,8.173232e-01,8.173232e-01
v(xdut.xdiv.xd2.nmo),6.332712e-13,3.300000e+00,3.300000e+00
v(xdut.xdiv.xd5.xfmo.ckb),6.270540e-13,3.300000e+00,3.300000e+00
v(xdut.xdiv.xd1.xfq.nma),6.205649e-13,2.927628e-08,2.927566e-08
v(xdut.xdiv.xd5.xfmo.ns),6.128431e-13,3.300000e+00,3.300000e+00
v(xdut.xpfd.xcp.upt),6.121770e-13,1.469823e+00,1.469823e+00
v(xdut.xpfd.xpfd.rd14),6.096609e-13,1.048283e-08,1.048225e-08
v(xdut.xdiv.xd3.xfmo.nm),5.941914e-13,3.300000e+00,3.300000e+00
v(xdut.xpfd.xpfd.rd12),5.911734e-13,1.048268e-08,1.048209e-08
v(xdut.xld.wide),5.750955e-13,3.300000e+00,3.300000e+00
v(xdut.xdiv.xd3.xfmo.nmb),5.657697e-13,3.300000e+00,3.300000e+00
v(xdut.xpfd.xpfd.dnb),5.648815e-13,3.300000e+00,3.300000e+00
v(xdut.xpfd.xcp.dnt),5.480061e-13,1.416847e+00,1.416847e+00
v(xdut.xvco.xbias.nsu),5.476279e-13,1.579540e-02,1.579540e-02
v(xdut.xdiv.xd1.nmo),5.351275e-13,3.300000e+00,3.300000e+00
v(xdut.xdiv.xd3.xfq.ckb),5.320189e-13,3.300000e+00,3.300000e+00
v(xdut.xdiv.xd2.xfmo.nma),5.311307e-13,3.300000e+00,3.300000e+00
v(xdut.xdiv.xd2.xfq.ns),5.200285e-13,3.300000e+00,3.300000e+00
v(xdut.xdiv.t1),5.178080e-13,3.300000e+00,3.300000e+00
v(xdut.xdiv.xd3.dqn),5.071499e-13,3.300000e+00,3.300000e+00
v(xdut.up),5.031531e-13,3.300000e+00,3.300000e+00
v(xdut.xpfd.xpfd.xlat_ref.xn1.ni),5.000445e-13,2.789103e+00,2.789103e+00
v(xdut.xpfd.xpfd.upb),4.830141e-13,2.204037e-08,2.203991e-08
v(xdut.xpfd.xpfd.rd6),4.783921e-13,1.048282e-08,1.048234e-08
v(xdut.xdiv.xd3.xfmo.ckb),4.680700e-13,3.300000e+00,3.300000e+00
v(xdut.xdiv.xd5.xfq.ns),4.618528e-13,3.300000e+00,3.300000e+00
v(xdut.xpfd.xpfd.rd22),4.574223e-13,1.048263e-08,1.048222e-08
v(xdut.xpfd.xpfd.sbr),4.543033e-13,3.300000e+00,3.300000e+00
v(xdut.xdiv.mi1),4.519306e-13,5.902587e-09,5.902168e-09
v(xdut.xdiv.mi4),4.489742e-13,3.300000e+00,3.300000e+00
v(xdut.xvco.xbias.vbpc),4.467537e-13,2.464905e+00,2.464905e+00
v(xdut.xdiv.xd2.sb),4.409806e-13,3.300000e+00,3.300000e+00
v(xdut.xpfd.xpfd.rd17),4.352074e-13,3.300000e+00,3.300000e+00
v(xdut.xdiv.xd4.xn2m.nmid),4.352074e-13,2.847072e+00,2.847072e+00
v(xdut.xdiv.xd2.xfq.nmb),4.312106e-13,3.300000e+00,3.300000e+00
v(xdut.xpfd.xpfd.rd19),4.223288e-13,3.300000e+00,3.300000e+00
v(xdut.xpfd.xpfd.rd4),4.205281e-13,1.048277e-08,1.048235e-08
v(xdut.xdiv.ck5),4.194362e-13,3.431839e-09,3.431434e-09
v(xdut.xdiv.xd3.q),4.081180e-13,3.300000e+00,3.300000e+00
v(xdut.xdiv.xd2.qb),4.081180e-13,3.300000e+00,3.300000e+00
v(xdut.xdiv.xd4.xfq.ckbb),4.050094e-13,3.300000e+00,3.300000e+00
v(xdut.xpfd.xcp.xn_base.bg),4.047873e-13,6.076709e-01,6.076709e-01
v(xdut.xpfd.xpfd.rb),4.027889e-13,3.300000e+00,3.300000e+00
v(xdut.xpfd.xpfd.rst_raw),4.013878e-13,1.048265e-08,1.048225e-08
v(xdut.xdiv.xd4.xn3.nm1),3.961276e-13,2.851641e+00,2.851641e+00
v(xdut.xdiv.xd4.nmo),3.819167e-13,3.300000e+00,3.300000e+00
v(xdut.xpfd.xpfd.rd16),3.801908e-13,1.048271e-08,1.048233e-08
v(xdut.xdiv.xd4.xfmo.nmb),3.788081e-13,3.300000e+00,3.300000e+00
v(xdut.xdiv.nmi2),3.752554e-13,3.300000e+00,3.300000e+00
v(xdut.xpfd.xpfd.rd21),3.668177e-13,3.300000e+00,3.300000e+00
v(xdut.xpfd.xcp.xn_t1a.bg),3.660405e-13,6.076709e-01,6.076709e-01
v(xdut.xdiv.xd2.xfmo.ckbb),3.647492e-13,5.902482e-09,5.902251e-09
v(xdut.xpfd.xpfd.xed_ref.d3),3.441691e-13,3.300000e+00,3.300000e+00
v(xdut.xpfd.xpfd.rd2),3.355071e-13,1.048267e-08,1.048234e-08
v(xdut.xdiv.xd5.nmo),3.308465e-13,3.300000e+00,3.300000e+00
v(xdut.xpfd.xpfd.rst_dly),3.308171e-13,1.048265e-08,1.048232e-08
v(xdut.xpfd.xpfd.rd9),3.281819e-13,3.300000e+00,3.300000e+00
v(xdut.xpfd.xpfd.xed_ref.d1),3.170797e-13,3.300000e+00,3.300000e+00
v(xdut.xdiv.xd4.xfmo.ckb),3.150544e-13,5.902420e-09,5.902164e-09
v(xdut.xlf.xrf1.21),3.130829e-13,1.454053e+00,1.454053e+00
v(vctrl),3.130829e-13,1.454053e+00,1.454053e+00
v(xdut.xdiv.xd5.xfmo.ckbb),3.065116e-13,5.902501e-09,5.902238e-09
v(xdut.xdiv.ck6),3.061336e-13,3.431774e-09,3.431486e-09
v(xdut.xpfd.xpfd.xed_ref.nn),2.988720e-13,3.300000e+00,3.300000e+00
v(xdut.dn),2.957608e-13,2.204063e-08,2.204034e-08
v(xdut.xdiv.xd3.xfmo.ckbb),2.926589e-13,5.902370e-09,5.902152e-09
v(xdut.xdiv.ck2),2.891656e-13,3.431794e-09,3.431617e-09
v(xdut.xdiv.xd2.xfq.ckb),2.859935e-13,3.300000e+00,3.300000e+00
v(xdut.xpfd.xpfd.rd18),2.840350e-13,1.048271e-08,1.048242e-08
v(xdut.xpfd.xpfd.xed_ref.d2),2.823878e-13,1.048262e-08,1.048238e-08
v(xdut.xdiv.xd5.xfmo.nma),2.819966e-13,3.300000e+00,3.300000e+00
v(xdut.xpfd.xpfd.xlat_fb.xn1.ni),2.818039e-13,1.102038e-08,1.102010e-08
v(xdut.xpfd.xpfd.rd20),2.809318e-13,1.048275e-08,1.048247e-08
v(xdut.xdiv.xd4.xn2q.nmid),2.748165e-13,5.934639e-09,5.934816e-09
v(xdut.xpfd.xpfd.xed_ref.d4),2.732852e-13,1.048272e-08,1.048246e-08
v(xdut.xdiv.xd4.xfq.ckb),2.713388e-13,5.902442e-09,5.902344e-09
v(xdut.xdiv.xd1.xn2q.nmid),2.649924e-13,5.934900e-09,5.934761e-09
v(xdut.xdiv.xd5.xfq.nmb),2.566836e-13,3.300000e+00,3.300000e+00
v(xdut.xpfd.xpfd.rd10),2.562950e-13,1.048260e-08,1.048235e-08
v(xdut.xdiv.xd1.xn3.nm1),2.533251e-13,8.360953e-02,8.360953e-02
v(xdut.xdiv.xd3.nmo),2.530156e-13,1.186949e-08,1.186932e-08
v(xdut.xdiv.xd1.dqn),2.493228e-13,1.186958e-08,1.186953e-08
v(icn),2.461364e-13,7.107122e-01,7.107122e-01
v(xdut.xpfd.xcp.xp_t0.bg),2.451372e-13,3.300000e+00,3.300000e+00
v(xdut.xpfd.xcp.xn_t1b.bg),2.390310e-13,6.076709e-01,6.076709e-01
v(xdut.xdiv.xd3.xfq.ns),2.347238e-13,6.699288e-08,6.699267e-08
v(xdut.xld.xerr.xg4.nmid),2.222372e-13,1.973575e-08,1.973562e-08
v(xdut.xdiv.xd2.xfq.nma),2.216691e-13,2.927603e-08,2.927586e-08
v(xdut.xpfd.xpfd.pr),2.210493e-13,1.048274e-08,1.048253e-08
v(xdut.xld.lockb),2.180478e-13,3.300000e+00,3.300000e+00
v(xdut.xdiv.mo5),2.167604e-13,5.902404e-09,5.902559e-09
v(xdut.xpfd.xpfd.rd8),2.162660e-13,1.048267e-08,1.048247e-08
v(xdut.xpfd.xpfd.xed_ref.d5),2.131628e-13,3.300000e+00,3.300000e+00
v(xdut.xdiv.nmi3),2.124105e-13,1.086881e-08,1.086862e-08
v(xdut.xdiv.xnr4.pmid),2.113865e-13,3.300000e+00,3.300000e+00
v(xdut.xdiv.ck3),2.107253e-13,3.431625e-09,3.431433e-09
v(xdut.xdiv.mi2),2.103047e-13,5.902293e-09,5.902124e-09
v(xdut.xpfd.xpfd.xlat_ref.xn2.ni),2.096695e-13,1.102016e-08,1.102000e-08
v(xdut.xdiv.xd4.q),2.085671e-13,5.902167e-09,5.902332e-09
v(xdut.xdiv.xd1.xn2m.nmid),2.034345e-13,8.095146e-02,8.095146e-02
v(xdut.xdiv.xd2.dq),2.029488e-13,3.300000e+00,3.300000e+00
v(xdut.xdiv.xd2.mob),2.020606e-13,3.300000e+00,3.300000e+00
v(xdut.xld.errd),1.940670e-13,3.300000e+00,3.300000e+00
v(xdut.xdiv.xd2.q),1.923153e-13,5.902319e-09,5.902155e-09
v(xdut.xld.xdly.d3),1.920111e-13,5.902279e-09,5.902088e-09
v(xdut.xdiv.xd3.xfq.nm),1.865308e-13,3.057796e-08,3.057783e-08
v(xdut.xld.xerr.xg3.nmid),1.834459e-13,1.973575e-08,1.973564e-08
v(xdut.xdiv.mo3),1.798703e-13,5.902399e-09,5.902565e-09
v(xdut.xdiv.xd3.xn2q.nmid),1.787554e-13,1.973590e-08,1.973589e-08
v(xdut.xdiv.mo2),1.702459e-13,5.902375e-09,5.902386e-09
v(xdut.xdiv.xd3.qb),1.683099e-13,3.883820e-08,3.883819e-08
v(xdut.xvco.xbias.nc),1.679074e-13,1.169259e-01,1.169259e-01
v(xdut.xvco.xbias.xrcg.11),1.675049e-13,1.167043e-01,1.167043e-01
v(xdut.xdiv.xd3.xfq.nmb),1.667329e-13,1.106842e-08,1.106827e-08
v(xdut.xdiv.xd1.xn3.nm2),1.654123e-13,8.594058e-10,8.592404e-10
v(xdut.xpfd.xcp.upb),1.640225e-13,1.048217e-08,1.048210e-08
v(xdut.xdiv.xd4.xn3.nm2),1.610621e-13,1.448605e-08,1.448615e-08
v(xdut.xdiv.xd5.qb),1.603162e-13,3.300000e+00,3.300000e+00
v(xdut.xdiv.xm1.nmid),1.567357e-13,8.095116e-02,8.095116e-02
v(xdut.xdiv.xd2.xfmo.nm),1.546293e-13,3.057811e-08,3.057796e-08
v(xdut.xdiv.xm3.nmid),1.540990e-13,2.847072e+00,2.847072e+00
v(xdut.xpfd.xpfd.xnand_rst.ni),1.509903e-13,2.789103e+00,2.789103e+00
v(xdut.xdiv.xd5.xn2q.nmid),1.485832e-13,5.934764e-09,5.934631e-09
v(xdut.xld.xerr.xg2.nmid),1.480837e-13,5.934718e-09,5.934725e-09
v(xdut.xld.err),1.469935e-13,3.300000e+00,3.300000e+00
v(xdut.xpfd.xcp.b0b),1.452172e-13,3.300000e+00,3.300000e+00
v(xdut.xdiv.xd5.xfq.ckbb),1.395605e-13,5.902303e-09,5.902344e-09
v(xdut.xdiv.xd4.xfq.nmb),1.373352e-13,3.883814e-08,3.883806e-08
v(xdut.xpfd.xcp.xbuf.nda),1.372236e-13,2.553998e+00,2.553998e+00
v(xdut.xdiv.xd2.xfmo.nmb),1.353858e-13,1.106852e-08,1.106838e-08
v(xdut.xdiv.xd2.dmo),1.335819e-13,2.063078e-08,2.063065e-08
v(xdut.xdiv.xd3.xn2m.nmid),1.330692e-13,5.934795e-09,5.934760e-09
v(xdut.xdiv.nmi4),1.308021e-13,6.825780e-09,6.825909e-09
v(xdut.xdiv.xd5.q),1.299483e-13,5.902327e-09,5.902455e-09
v(xdut.xdiv.xd4.mob),1.261526e-13,1.106850e-08,1.106838e-08
v(xdut.xpfd.xcp.xn_t1a.mid),1.229433e-13,8.286929e-02,8.286929e-02
v(xdut.xdiv.xd2.xn3.nm1),1.211115e-13,9.647732e-02,9.647732e-02
v(xdut.xld.xnw.nmid),1.204578e-13,5.934747e-09,5.934850e-09
v(xdut.xdiv.xd5.dqn),1.176146e-13,1.186935e-08,1.186926e-08
v(xdut.xdiv.xd4.xfq.nm),1.173300e-13,6.699288e-08,6.699297e-08
v(xdut.xdiv.xd4.xfmo.nma),1.171011e-13,2.063080e-08,2.063074e-08
v(xdut.xdiv.xd4.dmo),1.124133e-13,2.927594e-08,2.927588e-08
v(xdut.xld.xdly.d1),1.112752e-13,5.902291e-09,5.902180e-09
v(xdut.xdiv.xd2.dqn),1.037995e-13,1.186944e-08,1.186937e-08
v(xdut.xpfd.xcp.b1b),1.035325e-13,1.048287e-08,1.048282e-08
v(xdut.xdiv.xd3.xfmo.nma),1.035197e-13,2.927593e-08,2.927593e-08
v(xdut.xdiv.xm4.nmid),1.024098e-13,1.973574e-08,1.973565e-08
v(xdut.xdiv.xd4.xfmo.ns),1.007502e-13,3.057808e-08,3.057808e-08
v(xdut.xdiv.xd5.dmo),9.986487e-14,2.063073e-08,2.063075e-08
v(xdut.xdiv.xd2.xn2m.nmid),9.890699e-14,8.095153e-02,8.095153e-02
v(xdut.xdiv.xd3.xfq.ckbb),9.883264e-14,5.902231e-09,5.902249e-09
v(xdut.xdiv.xd5.xfmo.nmb),9.868923e-14,1.106847e-08,1.106838e-08
v(xdut.xdiv.xd5.xfmo.nm),9.730772e-14,3.057802e-08,3.057793e-08
v(xdut.xld.xdly.d2),9.103829e-14,3.300000e+00,3.300000e+00
v(xdut.xdiv.xd3.xn3.nm2),8.935908e-14,7.421900e-02,7.421900e-02
v(xdut.xdiv.xd2.xn2q.nmid),8.690955e-14,5.934683e-09,5.934715e-09
v(xdut.xld.xerr.n2),8.525156e-14,1.186944e-08,1.186950e-08
v(xdut.xpfd.xcp.xn_t1b.mid),8.318346e-14,8.286929e-02,8.286929e-02
v(xdut.xdiv.xd1.q),7.540715e-14,5.902519e-09,5.902548e-09
v(xdut.xdiv.xnr2.pmid),7.505108e-14,3.300000e+00,3.300000e+00
v(xdut.xdiv.xd5.mob),7.105427e-14,3.300000e+00,3.300000e+00
v(xdut.xdiv.xm5.nmid),6.997181e-14,8.095133e-02,8.095133e-02
v(xdut.xpfd.xpfd.xed_ref.xnd.ni),6.980128e-14,7.142334e-09,7.142344e-09
v(xdut.xdiv.xd4.dqn),6.969157e-14,1.186941e-08,1.186944e-08
v(xdut.xpfd.xcp.xn_base.mid),6.898648e-14,8.286929e-02,8.286929e-02
v(xdut.xdiv.xd5.xfq.nma),5.824363e-14,2.927592e-08,2.927593e-08
v(xdut.xdiv.xd3.dq),5.640792e-14,2.063073e-08,2.063071e-08
v(xdut.xdiv.xd5.xn3.nm1),5.102863e-14,9.647706e-02,9.647706e-02
v(xdut.xdiv.xm2.nmid),4.976575e-14,8.095126e-02,8.095126e-02
v(xdut.xdiv.xd5.xn2m.nmid),4.783673e-14,8.095082e-02,8.095082e-02
v(lock),4.555692e-14,5.902288e-09,5.902257e-09
v(xdut.xld.wideb),4.408431e-14,1.186951e-08,1.186952e-08
i(vsetv),3.137490e-14,5.252067e-06,5.252067e-06
v(xdut.xpfd.xcp.xn_t0.bg),2.529624e-14,9.345056e-10,9.344817e-10
i(vs4),2.029340e-14,-3.299917e-12,-3.300225e-12
i(vs1),1.909800e-14,-2.108218e-15,-4.716385e-15
i(vs2),1.814687e-14,-1.192184e-15,-1.510016e-15
i(vb0),1.733743e-14,-3.281618e-12,-3.269235e-12
v(xdut.xdiv.xd2.xn3.nm2),1.645906e-14,1.847221e-02,1.847221e-02
i(vp0),1.551072e-14,-6.942663e-15,-9.455772e-15
i(vs0),1.470613e-14,-9.910389e-16,-1.861011e-15
v(xdut.xdiv.xd5.xn3.nm2),1.349962e-14,1.847220e-02,1.847220e-02
i(vs5),1.325995e-14,5.702111e-16,-7.362729e-16
v(xdut.xlf.xrf3.21),1.199041e-14,1.454052e+00,1.454052e+00
v(xdut.xlf.xrf2.11),1.199041e-14,1.454052e+00,1.454052e+00
v(xdut.xlf.nr2),1.199041e-14,1.454052e+00,1.454052e+00
i(vs3),1.101669e-14,-1.104465e-15,-1.100390e-16
i(vp1),9.748625e-15,1.123663e-15,9.301013e-16
i(vp4),9.445854e-15,-2.334867e-17,-1.821869e-15
i(vp3),7.601585e-15,9.680790e-16,-1.266858e-15
i(vp5),6.987936e-15,6.098845e-16,4.633248e-16
i(vp2),6.905835e-15,-2.826544e-16,-5.340479e-16
i(vref),6.222546e-15,2.899224e-16,-5.316840e-16
i(vcpb1),6.023055e-15,-3.299992e-12,-3.298823e-12
v(xdut.xvco.xbias.xroff.21),5.563909e-15,2.183060e-04,2.183060e-04
i(vcpb0),5.558358e-15,-6.135823e-17,7.731548e-16
v(xdut.xlf.xrf4.21),3.996803e-15,1.454052e+00,1.454052e+00
v(xdut.xlf.xrf3.11),3.108624e-15,1.454052e+00,1.454052e+00
v(xdut.xlf.nr3),2.886580e-15,1.454052e+00,1.454052e+00
v(xdut.xlf.xrf2.21),1.998401e-15,1.454052e+00,1.454052e+00
v(xdut.xlf.xrf1.11),1.110223e-15,1.454052e+00,1.454052e+00
v(xdut.xlf.nr1),1.110223e-15,1.454052e+00,1.454052e+00
v(xdut.xvco.xbias.xrcg.21),3.179965e-16,2.215791e-04,2.215791e-04
v(xdut.xvco.xbias.xrdeg.21),2.566035e-16,2.108839e-04,2.108839e-04
v(xdut.xvco.xcdec2.c_moscap_int1),0.000000e+00,-3.300000e+00,-3.300000e+00
v(xdut.xvco.xcdec1.c_moscap_int1),0.000000e+00,-3.300000e+00,-3.300000e+00
v(xdut.xlf.xrf4.11),0.000000e+00,1.454052e+00,1.454052e+00
v(xdut.xlf.xcf4.c_moscap_int1),0.000000e+00,-1.454052e+00,-1.454052e+00
v(xdut.xlf.xcf3.c_moscap_int1),0.000000e+00,-1.454052e+00,-1.454052e+00
v(xdut.xlf.xcf2.c_moscap_int1),0.000000e+00,-1.454052e+00,-1.454052e+00
v(xdut.xlf.xcf1.c_moscap_int1),0.000000e+00,-1.454052e+00,-1.454052e+00
v(xdut.xlf.nz),0.000000e+00,1.454052e+00,1.454052e+00
v(vss),0.000000e+00,0.000000e+00,0.000000e+00
v(vsetnode),0.000000e+00,1.454000e+00,1.454000e+00
v(vdd_vco),0.000000e+00,3.300000e+00,3.300000e+00
v(vdd_div),0.000000e+00,3.300000e+00,3.300000e+00
v(vdd),0.000000e+00,3.300000e+00,3.300000e+00
v(sel5),0.000000e+00,0.000000e+00,0.000000e+00
v(sel4),0.000000e+00,3.300000e+00,3.300000e+00
v(sel3),0.000000e+00,0.000000e+00,0.000000e+00
v(sel2),0.000000e+00,0.000000e+00,0.000000e+00
v(sel1),0.000000e+00,0.000000e+00,0.000000e+00
v(sel0),0.000000e+00,0.000000e+00,0.000000e+00
v(sctrl),0.000000e+00,3.300000e+00,3.300000e+00
v(ref),0.000000e+00,0.000000e+00,0.000000e+00
v(p5),0.000000e+00,0.000000e+00,0.000000e+00
v(p4),0.000000e+00,0.000000e+00,0.000000e+00
v(p3),0.000000e+00,0.000000e+00,0.000000e+00
v(p2),0.000000e+00,0.000000e+00,0.000000e+00
v(p1),0.000000e+00,0.000000e+00,0.000000e+00
v(p0),0.000000e+00,0.000000e+00,0.000000e+00
v(gnd_vco),0.000000e+00,0.000000e+00,0.000000e+00
v(cpb1),0.000000e+00,3.300000e+00,3.300000e+00
v(cpb0),0.000000e+00,0.000000e+00,0.000000e+00
v(b2),0.000000e+00,3.300000e+00,3.300000e+00
v(b1),0.000000e+00,3.300000e+00,3.300000e+00
v(b0),0.000000e+00,3.300000e+00,3.300000e+00
i(vsctrl),0.000000e+00,-3.300000e-12,-3.300000e-12
