index,time_s,delta_s
0,0.000000000000e+00,0.000000e+00
1,1.000000000000e-12,1.000000e-12
2,2.000000000000e-12,1.000000e-12
3,4.000000000000e-12,2.000000e-12
4,8.000000000000e-12,4.000000e-12
5,1.600000000000e-11,8.000000e-12
6,3.200000000000e-11,1.600000e-11
7,6.400000000000e-11,3.200000e-11
8,1.280000000000e-10,6.400000e-11
9,2.280000000000e-10,1.000000e-10
10,3.280000000000e-10,1.000000e-10
11,4.280000000000e-10,1.000000e-10
12,5.280000000000e-10,1.000000e-10
13,6.280000000000e-10,1.000000e-10
14,7.280000000000e-10,1.000000e-10
15,8.280000000000e-10,1.000000e-10
16,9.280000000000e-10,1.000000e-10
17,1.028000000000e-09,1.000000e-10
18,1.128000000000e-09,1.000000e-10
19,1.228000000000e-09,1.000000e-10
20,1.328000000000e-09,1.000000e-10
21,1.428000000000e-09,1.000000e-10
22,1.528000000000e-09,1.000000e-10
23,1.628000000000e-09,1.000000e-10
24,1.728000000000e-09,1.000000e-10
25,1.729562500000e-09,1.562500e-12
26,1.732687500000e-09,3.125000e-12
27,1.732785156250e-09,9.765625e-14
28,1.732980468750e-09,1.953125e-13
29,1.732986572266e-09,6.103516e-15
30,1.732998779297e-09,1.220703e-14
31,1.733001831055e-09,3.051758e-15
32,1.733007934570e-09,6.103516e-15
33,1.733020141602e-09,1.220703e-14
34,1.733023193359e-09,3.051758e-15
35,1.733029296875e-09,6.103516e-15
36,1.733041503906e-09,1.220703e-14
37,1.733044555664e-09,3.051758e-15
38,1.733050659180e-09,6.103516e-15
39,1.733062866211e-09,1.220703e-14
40,1.733065917969e-09,3.051758e-15
41,1.733072021484e-09,6.103516e-15
42,1.733084228516e-09,1.220703e-14
43,1.733087280273e-09,3.051758e-15
44,1.733093383789e-09,6.103516e-15
45,1.733105590820e-09,1.220703e-14
46,1.733108642578e-09,3.051758e-15
47,1.733114746094e-09,6.103516e-15
48,1.733126953125e-09,1.220703e-14
49,1.733130004883e-09,3.051758e-15
50,1.733136108398e-09,6.103516e-15
51,1.733148315430e-09,1.220703e-14
52,1.733151367188e-09,3.051758e-15
53,1.733157470703e-09,6.103516e-15
54,1.733169677734e-09,1.220703e-14
55,1.733172729492e-09,3.051758e-15
56,1.733178833008e-09,6.103516e-15
57,1.733191040039e-09,1.220703e-14
58,1.733194091797e-09,3.051758e-15
59,1.733200195313e-09,6.103516e-15
60,1.733212402344e-09,1.220703e-14
61,1.733215454102e-09,3.051758e-15
62,1.733221557617e-09,6.103516e-15
63,1.733233764648e-09,1.220703e-14
64,1.733236816406e-09,3.051758e-15
65,1.733242919922e-09,6.103516e-15
66,1.733255126953e-09,1.220703e-14
67,1.733258178711e-09,3.051758e-15
68,1.733264282227e-09,6.103516e-15
69,1.733276489258e-09,1.220703e-14
70,1.733279541016e-09,3.051758e-15
71,1.733285644531e-09,6.103516e-15
72,1.733297851563e-09,1.220703e-14
73,1.733300903320e-09,3.051758e-15
74,1.733307006836e-09,6.103516e-15
75,1.733319213867e-09,1.220703e-14
76,1.733322265625e-09,3.051758e-15
77,1.733328369141e-09,6.103516e-15
78,1.733340576172e-09,1.220703e-14
79,1.733343627930e-09,3.051758e-15
80,1.733349731445e-09,6.103516e-15
81,1.733361938477e-09,1.220703e-14
82,1.733364990234e-09,3.051758e-15
83,1.733371093750e-09,6.103516e-15
84,1.733383300781e-09,1.220703e-14
85,1.733386352539e-09,3.051758e-15
86,1.733392456055e-09,6.103516e-15
87,1.733404663086e-09,1.220703e-14
88,1.733407714844e-09,3.051758e-15
89,1.733413818359e-09,6.103516e-15
90,1.733426025391e-09,1.220703e-14
91,1.733429077148e-09,3.051758e-15
92,1.733435180664e-09,6.103516e-15
93,1.733447387695e-09,1.220703e-14
94,1.733450439453e-09,3.051758e-15
95,1.733456542969e-09,6.103516e-15
96,1.733468750000e-09,1.220703e-14
97,1.733471801758e-09,3.051758e-15
98,1.733477905273e-09,6.103516e-15
99,1.733490112305e-09,1.220703e-14
100,1.733493164063e-09,3.051758e-15
101,1.733499267578e-09,6.103516e-15
102,1.733511474609e-09,1.220703e-14
103,1.733514526367e-09,3.051758e-15
104,1.733520629883e-09,6.103516e-15
105,1.733532836914e-09,1.220703e-14
106,1.733535888672e-09,3.051758e-15
107,1.733541992188e-09,6.103516e-15
108,1.733554199219e-09,1.220703e-14
109,1.733557250977e-09,3.051758e-15
110,1.733563354492e-09,6.103516e-15
111,1.733575561523e-09,1.220703e-14
112,1.733578613281e-09,3.051758e-15
113,1.733584716797e-09,6.103516e-15
114,1.733596923828e-09,1.220703e-14
115,1.733599975586e-09,3.051758e-15
116,1.733606079102e-09,6.103516e-15
117,1.733618286133e-09,1.220703e-14
118,1.733621337891e-09,3.051758e-15
119,1.733627441406e-09,6.103516e-15
120,1.733639648438e-09,1.220703e-14
121,1.733642700195e-09,3.051758e-15
122,1.733648803711e-09,6.103516e-15
123,1.733661010742e-09,1.220703e-14
124,1.733664062500e-09,3.051758e-15
125,1.733670166016e-09,6.103516e-15
126,1.733682373047e-09,1.220703e-14
127,1.733685424805e-09,3.051758e-15
128,1.733691528320e-09,6.103516e-15
129,1.733703735352e-09,1.220703e-14
130,1.733706787109e-09,3.051758e-15
131,1.733712890625e-09,6.103516e-15
132,1.733725097656e-09,1.220703e-14
133,1.733728149414e-09,3.051758e-15
134,1.733734252930e-09,6.103516e-15
135,1.733746459961e-09,1.220703e-14
136,1.733749511719e-09,3.051758e-15
137,1.733755615234e-09,6.103516e-15
138,1.733767822266e-09,1.220703e-14
139,1.733770874023e-09,3.051758e-15
140,1.733776977539e-09,6.103516e-15
141,1.733789184570e-09,1.220703e-14
142,1.733792236328e-09,3.051758e-15
143,1.733798339844e-09,6.103516e-15
144,1.733810546875e-09,1.220703e-14
145,1.733813598633e-09,3.051758e-15
146,1.733819702148e-09,6.103516e-15
147,1.733831909180e-09,1.220703e-14
148,1.733834960938e-09,3.051758e-15
149,1.733841064453e-09,6.103516e-15
150,1.733853271484e-09,1.220703e-14
151,1.733856323242e-09,3.051758e-15
152,1.733862426758e-09,6.103516e-15
153,1.733874633789e-09,1.220703e-14
154,1.733877685547e-09,3.051758e-15
155,1.733883789063e-09,6.103516e-15
156,1.733895996094e-09,1.220703e-14
157,1.733899047852e-09,3.051758e-15
158,1.733905151367e-09,6.103516e-15
159,1.733917358398e-09,1.220703e-14
160,1.733920410156e-09,3.051758e-15
161,1.733926513672e-09,6.103516e-15
162,1.733938720703e-09,1.220703e-14
163,1.733941772461e-09,3.051758e-15
164,1.733947875977e-09,6.103516e-15
165,1.733960083008e-09,1.220703e-14
166,1.733963134766e-09,3.051758e-15
167,1.733969238281e-09,6.103516e-15
168,1.733981445313e-09,1.220703e-14
169,1.733984497070e-09,3.051758e-15
170,1.733990600586e-09,6.103516e-15
171,1.734002807617e-09,1.220703e-14
172,1.734005859375e-09,3.051758e-15
173,1.734011962891e-09,6.103516e-15
174,1.734024169922e-09,1.220703e-14
175,1.734027221680e-09,3.051758e-15
176,1.734033325195e-09,6.103516e-15
177,1.734045532227e-09,1.220703e-14
178,1.734048583984e-09,3.051758e-15
179,1.734054687500e-09,6.103516e-15
180,1.734066894531e-09,1.220703e-14
181,1.734069946289e-09,3.051758e-15
182,1.734076049805e-09,6.103516e-15
183,1.734088256836e-09,1.220703e-14
184,1.734091308594e-09,3.051758e-15
185,1.734097412109e-09,6.103516e-15
186,1.734109619141e-09,1.220703e-14
187,1.734112670898e-09,3.051758e-15
188,1.734118774414e-09,6.103516e-15
189,1.734130981445e-09,1.220703e-14
190,1.734134033203e-09,3.051758e-15
191,1.734140136719e-09,6.103516e-15
192,1.734152343750e-09,1.220703e-14
193,1.734155395508e-09,3.051758e-15
194,1.734161499023e-09,6.103516e-15
195,1.734173706055e-09,1.220703e-14
196,1.734176757813e-09,3.051758e-15
197,1.734182861328e-09,6.103516e-15
198,1.734195068359e-09,1.220703e-14
199,1.734198120117e-09,3.051758e-15
200,1.734204223633e-09,6.103516e-15
201,1.734216430664e-09,1.220703e-14
202,1.734219482422e-09,3.051758e-15
203,1.734225585938e-09,6.103516e-15
204,1.734237792969e-09,1.220703e-14
205,1.734240844727e-09,3.051758e-15
206,1.734246948242e-09,6.103516e-15
207,1.734259155273e-09,1.220703e-14
208,1.734262207031e-09,3.051758e-15
209,1.734268310547e-09,6.103516e-15
210,1.734280517578e-09,1.220703e-14
211,1.734283569336e-09,3.051758e-15
212,1.734289672852e-09,6.103516e-15
213,1.734301879883e-09,1.220703e-14
214,1.734304931641e-09,3.051758e-15
215,1.734311035156e-09,6.103516e-15
216,1.734323242188e-09,1.220703e-14
217,1.734326293945e-09,3.051758e-15
218,1.734332397461e-09,6.103516e-15
219,1.734344604492e-09,1.220703e-14
220,1.734347656250e-09,3.051758e-15
221,1.734353759766e-09,6.103516e-15
222,1.734365966797e-09,1.220703e-14
223,1.734369018555e-09,3.051758e-15
224,1.734375122070e-09,6.103516e-15
225,1.734387329102e-09,1.220703e-14
226,1.734390380859e-09,3.051758e-15
227,1.734396484375e-09,6.103516e-15
228,1.734408691406e-09,1.220703e-14
229,1.734411743164e-09,3.051758e-15
230,1.734417846680e-09,6.103516e-15
231,1.734430053711e-09,1.220703e-14
232,1.734433105469e-09,3.051758e-15
233,1.734439208984e-09,6.103516e-15
234,1.734451416016e-09,1.220703e-14
235,1.734454467773e-09,3.051758e-15
236,1.734460571289e-09,6.103516e-15
237,1.734472778320e-09,1.220703e-14
238,1.734475830078e-09,3.051758e-15
239,1.734481933594e-09,6.103516e-15
240,1.734494140625e-09,1.220703e-14
241,1.734497192383e-09,3.051758e-15
242,1.734503295898e-09,6.103516e-15
243,1.734515502930e-09,1.220703e-14
244,1.734518554688e-09,3.051758e-15
245,1.734524658203e-09,6.103516e-15
246,1.734536865234e-09,1.220703e-14
247,1.734539916992e-09,3.051758e-15
248,1.734546020508e-09,6.103516e-15
249,1.734558227539e-09,1.220703e-14
250,1.734561279297e-09,3.051758e-15
251,1.734567382813e-09,6.103516e-15
252,1.734579589844e-09,1.220703e-14
253,1.734582641602e-09,3.051758e-15
254,1.734588745117e-09,6.103516e-15
255,1.734600952148e-09,1.220703e-14
256,1.734604003906e-09,3.051758e-15
257,1.734610107422e-09,6.103516e-15
258,1.734622314453e-09,1.220703e-14
259,1.734625366211e-09,3.051758e-15
260,1.734631469727e-09,6.103516e-15
261,1.734643676758e-09,1.220703e-14
262,1.734646728516e-09,3.051758e-15
263,1.734652832031e-09,6.103516e-15
264,1.734665039063e-09,1.220703e-14
265,1.734668090820e-09,3.051758e-15
266,1.734674194336e-09,6.103516e-15
267,1.734686401367e-09,1.220703e-14
268,1.734689453125e-09,3.051758e-15
269,1.734695556641e-09,6.103516e-15
270,1.734707763672e-09,1.220703e-14
271,1.734710815430e-09,3.051758e-15
272,1.734716918945e-09,6.103516e-15
273,1.734729125977e-09,1.220703e-14
274,1.734732177734e-09,3.051758e-15
275,1.734738281250e-09,6.103516e-15
276,1.734750488281e-09,1.220703e-14
277,1.734753540039e-09,3.051758e-15
278,1.734759643555e-09,6.103516e-15
279,1.734771850586e-09,1.220703e-14
280,1.734774902344e-09,3.051758e-15
281,1.734781005859e-09,6.103516e-15
282,1.734793212891e-09,1.220703e-14
283,1.734796264648e-09,3.051758e-15
284,1.734802368164e-09,6.103516e-15
285,1.734814575195e-09,1.220703e-14
286,1.734817626953e-09,3.051758e-15
287,1.734823730469e-09,6.103516e-15
288,1.734835937500e-09,1.220703e-14
289,1.734838989258e-09,3.051758e-15
290,1.734845092773e-09,6.103516e-15
291,1.734857299805e-09,1.220703e-14
292,1.734860351563e-09,3.051758e-15
293,1.734866455078e-09,6.103516e-15
294,1.734878662109e-09,1.220703e-14
295,1.734881713867e-09,3.051758e-15
296,1.734887817383e-09,6.103516e-15
297,1.734900024414e-09,1.220703e-14
298,1.734903076172e-09,3.051758e-15
299,1.734909179688e-09,6.103516e-15
300,1.734921386719e-09,1.220703e-14
301,1.734924438477e-09,3.051758e-15
302,1.734930541992e-09,6.103516e-15
303,1.734942749023e-09,1.220703e-14
304,1.734945800781e-09,3.051758e-15
305,1.734951904297e-09,6.103516e-15
306,1.734964111328e-09,1.220703e-14
307,1.734967163086e-09,3.051758e-15
308,1.734973266602e-09,6.103516e-15
309,1.734985473633e-09,1.220703e-14
310,1.734988525391e-09,3.051758e-15
311,1.734994628906e-09,6.103516e-15
312,1.735006835938e-09,1.220703e-14
313,1.735009887695e-09,3.051758e-15
314,1.735015991211e-09,6.103516e-15
315,1.735028198242e-09,1.220703e-14
316,1.735031250000e-09,3.051758e-15
317,1.735037353516e-09,6.103516e-15
318,1.735049560547e-09,1.220703e-14
319,1.735052612305e-09,3.051758e-15
320,1.735058715820e-09,6.103516e-15
321,1.735070922852e-09,1.220703e-14
322,1.735073974609e-09,3.051758e-15
323,1.735080078125e-09,6.103516e-15
324,1.735092285156e-09,1.220703e-14
325,1.735095336914e-09,3.051758e-15
326,1.735101440430e-09,6.103516e-15
327,1.735113647461e-09,1.220703e-14
328,1.735116699219e-09,3.051758e-15
329,1.735122802734e-09,6.103516e-15
330,1.735135009766e-09,1.220703e-14
331,1.735138061523e-09,3.051758e-15
332,1.735144165039e-09,6.103516e-15
333,1.735156372070e-09,1.220703e-14
334,1.735159423828e-09,3.051758e-15
335,1.735165527344e-09,6.103516e-15
336,1.735177734375e-09,1.220703e-14
337,1.735180786133e-09,3.051758e-15
338,1.735186889648e-09,6.103516e-15
339,1.735199096680e-09,1.220703e-14
340,1.735202148438e-09,3.051758e-15
341,1.735208251953e-09,6.103516e-15
342,1.735220458984e-09,1.220703e-14
343,1.735223510742e-09,3.051758e-15
344,1.735229614258e-09,6.103516e-15
345,1.735241821289e-09,1.220703e-14
346,1.735244873047e-09,3.051758e-15
347,1.735250976563e-09,6.103516e-15
348,1.735263183594e-09,1.220703e-14
349,1.735266235352e-09,3.051758e-15
350,1.735272338867e-09,6.103516e-15
351,1.735284545898e-09,1.220703e-14
352,1.735287597656e-09,3.051758e-15
353,1.735293701172e-09,6.103516e-15
354,1.735305908203e-09,1.220703e-14
355,1.735308959961e-09,3.051758e-15
356,1.735315063477e-09,6.103516e-15
357,1.735327270508e-09,1.220703e-14
358,1.735330322266e-09,3.051758e-15
359,1.735336425781e-09,6.103516e-15
360,1.735348632813e-09,1.220703e-14
361,1.735351684570e-09,3.051758e-15
362,1.735357788086e-09,6.103516e-15
363,1.735369995117e-09,1.220703e-14
364,1.735373046875e-09,3.051758e-15
365,1.735379150391e-09,6.103516e-15
366,1.735391357422e-09,1.220703e-14
367,1.735394409180e-09,3.051758e-15
368,1.735400512695e-09,6.103516e-15
369,1.735412719727e-09,1.220703e-14
370,1.735415771484e-09,3.051758e-15
371,1.735421875000e-09,6.103516e-15
372,1.735434082031e-09,1.220703e-14
373,1.735437133789e-09,3.051758e-15
374,1.735443237305e-09,6.103516e-15
375,1.735455444336e-09,1.220703e-14
376,1.735458496094e-09,3.051758e-15
377,1.735464599609e-09,6.103516e-15
378,1.735476806641e-09,1.220703e-14
379,1.735479858398e-09,3.051758e-15
380,1.735485961914e-09,6.103516e-15
381,1.735498168945e-09,1.220703e-14
382,1.735501220703e-09,3.051758e-15
383,1.735507324219e-09,6.103516e-15
384,1.735519531250e-09,1.220703e-14
385,1.735522583008e-09,3.051758e-15
386,1.735528686523e-09,6.103516e-15
387,1.735540893555e-09,1.220703e-14
388,1.735543945313e-09,3.051758e-15
389,1.735550048828e-09,6.103516e-15
390,1.735562255859e-09,1.220703e-14
391,1.735565307617e-09,3.051758e-15
392,1.735571411133e-09,6.103516e-15
393,1.735583618164e-09,1.220703e-14
394,1.735586669922e-09,3.051758e-15
395,1.735592773438e-09,6.103516e-15
396,1.735604980469e-09,1.220703e-14
397,1.735608032227e-09,3.051758e-15
398,1.735614135742e-09,6.103516e-15
399,1.735626342773e-09,1.220703e-14
400,1.735629394531e-09,3.051758e-15
401,1.735635498047e-09,6.103516e-15
402,1.735647705078e-09,1.220703e-14
403,1.735650756836e-09,3.051758e-15
404,1.735656860352e-09,6.103516e-15
405,1.735669067383e-09,1.220703e-14
406,1.735672119141e-09,3.051758e-15
407,1.735678222656e-09,6.103516e-15
408,1.735690429688e-09,1.220703e-14
409,1.735693481445e-09,3.051758e-15
410,1.735699584961e-09,6.103516e-15
411,1.735711791992e-09,1.220703e-14
412,1.735714843750e-09,3.051758e-15
413,1.735720947266e-09,6.103516e-15
414,1.735733154297e-09,1.220703e-14
415,1.735736206055e-09,3.051758e-15
416,1.735742309570e-09,6.103516e-15
417,1.735754516602e-09,1.220703e-14
418,1.735757568359e-09,3.051758e-15
419,1.735763671875e-09,6.103516e-15
420,1.735775878906e-09,1.220703e-14
421,1.735778930664e-09,3.051758e-15
422,1.735785034180e-09,6.103516e-15
423,1.735797241211e-09,1.220703e-14
424,1.735800292969e-09,3.051758e-15
425,1.735806396484e-09,6.103516e-15
426,1.735818603516e-09,1.220703e-14
427,1.735821655273e-09,3.051758e-15
428,1.735827758789e-09,6.103516e-15
429,1.735839965820e-09,1.220703e-14
430,1.735843017578e-09,3.051758e-15
431,1.735849121094e-09,6.103516e-15
432,1.735861328125e-09,1.220703e-14
433,1.735864379883e-09,3.051758e-15
434,1.735870483398e-09,6.103516e-15
435,1.735882690430e-09,1.220703e-14
436,1.735885742188e-09,3.051758e-15
437,1.735891845703e-09,6.103516e-15
438,1.735904052734e-09,1.220703e-14
439,1.735907104492e-09,3.051758e-15
440,1.735913208008e-09,6.103516e-15
441,1.735925415039e-09,1.220703e-14
442,1.735928466797e-09,3.051758e-15
443,1.735934570313e-09,6.103516e-15
444,1.735946777344e-09,1.220703e-14
445,1.735949829102e-09,3.051758e-15
446,1.735955932617e-09,6.103516e-15
447,1.735968139648e-09,1.220703e-14
448,1.735971191406e-09,3.051758e-15
449,1.735977294922e-09,6.103516e-15
450,1.735989501953e-09,1.220703e-14
451,1.735992553711e-09,3.051758e-15
452,1.735998657227e-09,6.103516e-15
453,1.736010864258e-09,1.220703e-14
454,1.736013916016e-09,3.051758e-15
455,1.736020019531e-09,6.103516e-15
456,1.736032226563e-09,1.220703e-14
457,1.736035278320e-09,3.051758e-15
458,1.736041381836e-09,6.103516e-15
459,1.736053588867e-09,1.220703e-14
460,1.736056640625e-09,3.051758e-15
461,1.736062744141e-09,6.103516e-15
462,1.736074951172e-09,1.220703e-14
463,1.736078002930e-09,3.051758e-15
464,1.736084106445e-09,6.103516e-15
465,1.736096313477e-09,1.220703e-14
466,1.736099365234e-09,3.051758e-15
467,1.736105468750e-09,6.103516e-15
468,1.736117675781e-09,1.220703e-14
469,1.736120727539e-09,3.051758e-15
470,1.736126831055e-09,6.103516e-15
471,1.736139038086e-09,1.220703e-14
472,1.736142089844e-09,3.051758e-15
473,1.736148193359e-09,6.103516e-15
474,1.736160400391e-09,1.220703e-14
475,1.736163452148e-09,3.051758e-15
476,1.736169555664e-09,6.103516e-15
477,1.736181762695e-09,1.220703e-14
478,1.736184814453e-09,3.051758e-15
479,1.736190917969e-09,6.103516e-15
480,1.736203125000e-09,1.220703e-14
481,1.736206176758e-09,3.051758e-15
482,1.736212280273e-09,6.103516e-15
483,1.736224487305e-09,1.220703e-14
484,1.736227539063e-09,3.051758e-15
485,1.736233642578e-09,6.103516e-15
486,1.736245849609e-09,1.220703e-14
487,1.736248901367e-09,3.051758e-15
488,1.736255004883e-09,6.103516e-15
489,1.736267211914e-09,1.220703e-14
490,1.736270263672e-09,3.051758e-15
491,1.736276367188e-09,6.103516e-15
492,1.736288574219e-09,1.220703e-14
493,1.736291625977e-09,3.051758e-15
494,1.736297729492e-09,6.103516e-15
495,1.736309936523e-09,1.220703e-14
496,1.736312988281e-09,3.051758e-15
497,1.736319091797e-09,6.103516e-15
498,1.736331298828e-09,1.220703e-14
499,1.736334350586e-09,3.051758e-15
500,1.736340454102e-09,6.103516e-15
501,1.736352661133e-09,1.220703e-14
502,1.736355712891e-09,3.051758e-15
503,1.736361816406e-09,6.103516e-15
504,1.736374023438e-09,1.220703e-14
505,1.736377075195e-09,3.051758e-15
506,1.736383178711e-09,6.103516e-15
507,1.736395385742e-09,1.220703e-14
508,1.736398437500e-09,3.051758e-15
509,1.736404541016e-09,6.103516e-15
510,1.736416748047e-09,1.220703e-14
511,1.736419799805e-09,3.051758e-15
512,1.736425903320e-09,6.103516e-15
513,1.736438110352e-09,1.220703e-14
514,1.736441162109e-09,3.051758e-15
515,1.736447265625e-09,6.103516e-15
516,1.736459472656e-09,1.220703e-14
517,1.736462524414e-09,3.051758e-15
518,1.736468627930e-09,6.103516e-15
519,1.736480834961e-09,1.220703e-14
520,1.736483886719e-09,3.051758e-15
521,1.736489990234e-09,6.103516e-15
522,1.736502197266e-09,1.220703e-14
523,1.736505249023e-09,3.051758e-15
524,1.736511352539e-09,6.103516e-15
525,1.736523559570e-09,1.220703e-14
526,1.736526611328e-09,3.051758e-15
527,1.736532714844e-09,6.103516e-15
528,1.736544921875e-09,1.220703e-14
529,1.736547973633e-09,3.051758e-15
530,1.736554077148e-09,6.103516e-15
531,1.736566284180e-09,1.220703e-14
532,1.736569335938e-09,3.051758e-15
533,1.736575439453e-09,6.103516e-15
534,1.736587646484e-09,1.220703e-14
535,1.736590698242e-09,3.051758e-15
536,1.736596801758e-09,6.103516e-15
537,1.736609008789e-09,1.220703e-14
538,1.736612060547e-09,3.051758e-15
539,1.736618164063e-09,6.103516e-15
540,1.736630371094e-09,1.220703e-14
541,1.736633422852e-09,3.051758e-15
542,1.736639526367e-09,6.103516e-15
543,1.736651733398e-09,1.220703e-14
544,1.736654785156e-09,3.051758e-15
545,1.736660888672e-09,6.103516e-15
546,1.736673095703e-09,1.220703e-14
547,1.736676147461e-09,3.051758e-15
548,1.736682250977e-09,6.103516e-15
549,1.736694458008e-09,1.220703e-14
550,1.736697509766e-09,3.051758e-15
551,1.736703613281e-09,6.103516e-15
552,1.736715820313e-09,1.220703e-14
553,1.736718872070e-09,3.051758e-15
554,1.736724975586e-09,6.103516e-15
555,1.736737182617e-09,1.220703e-14
556,1.736740234375e-09,3.051758e-15
557,1.736746337891e-09,6.103516e-15
558,1.736758544922e-09,1.220703e-14
559,1.736761596680e-09,3.051758e-15
560,1.736767700195e-09,6.103516e-15
561,1.736779907227e-09,1.220703e-14
562,1.736782958984e-09,3.051758e-15
563,1.736789062500e-09,6.103516e-15
564,1.736801269531e-09,1.220703e-14
565,1.736804321289e-09,3.051758e-15
566,1.736810424805e-09,6.103516e-15
567,1.736822631836e-09,1.220703e-14
568,1.736825683594e-09,3.051758e-15
569,1.736831787109e-09,6.103516e-15
570,1.736843994141e-09,1.220703e-14
571,1.736847045898e-09,3.051758e-15
572,1.736853149414e-09,6.103516e-15
573,1.736865356445e-09,1.220703e-14
574,1.736868408203e-09,3.051758e-15
575,1.736874511719e-09,6.103516e-15
576,1.736886718750e-09,1.220703e-14
577,1.736889770508e-09,3.051758e-15
578,1.736895874023e-09,6.103516e-15
579,1.736908081055e-09,1.220703e-14
580,1.736911132813e-09,3.051758e-15
581,1.736917236328e-09,6.103516e-15
582,1.736929443359e-09,1.220703e-14
583,1.736932495117e-09,3.051758e-15
584,1.736938598633e-09,6.103516e-15
585,1.736950805664e-09,1.220703e-14
586,1.736953857422e-09,3.051758e-15
587,1.736959960938e-09,6.103516e-15
588,1.736972167969e-09,1.220703e-14
589,1.736975219727e-09,3.051758e-15
590,1.736981323242e-09,6.103516e-15
591,1.736993530273e-09,1.220703e-14
592,1.736996582031e-09,3.051758e-15
593,1.737002685547e-09,6.103516e-15
594,1.737014892578e-09,1.220703e-14
595,1.737017944336e-09,3.051758e-15
596,1.737024047852e-09,6.103516e-15
597,1.737036254883e-09,1.220703e-14
598,1.737039306641e-09,3.051758e-15
599,1.737045410156e-09,6.103516e-15
600,1.737057617188e-09,1.220703e-14
601,1.737060668945e-09,3.051758e-15
602,1.737066772461e-09,6.103516e-15
603,1.737078979492e-09,1.220703e-14
604,1.737082031250e-09,3.051758e-15
605,1.737088134766e-09,6.103516e-15
606,1.737100341797e-09,1.220703e-14
607,1.737103393555e-09,3.051758e-15
608,1.737109497070e-09,6.103516e-15
609,1.737121704102e-09,1.220703e-14
610,1.737124755859e-09,3.051758e-15
611,1.737130859375e-09,6.103516e-15
612,1.737143066406e-09,1.220703e-14
613,1.737146118164e-09,3.051758e-15
614,1.737152221680e-09,6.103516e-15
615,1.737164428711e-09,1.220703e-14
616,1.737167480469e-09,3.051758e-15
617,1.737173583984e-09,6.103516e-15
618,1.737185791016e-09,1.220703e-14
619,1.737188842773e-09,3.051758e-15
620,1.737194946289e-09,6.103516e-15
621,1.737207153320e-09,1.220703e-14
622,1.737210205078e-09,3.051758e-15
623,1.737216308594e-09,6.103516e-15
624,1.737228515625e-09,1.220703e-14
625,1.737231567383e-09,3.051758e-15
626,1.737237670898e-09,6.103516e-15
627,1.737249877930e-09,1.220703e-14
628,1.737252929688e-09,3.051758e-15
629,1.737259033203e-09,6.103516e-15
630,1.737271240234e-09,1.220703e-14
631,1.737274291992e-09,3.051758e-15
632,1.737280395508e-09,6.103516e-15
633,1.737292602539e-09,1.220703e-14
634,1.737295654297e-09,3.051758e-15
635,1.737301757813e-09,6.103516e-15
636,1.737313964844e-09,1.220703e-14
637,1.737317016602e-09,3.051758e-15
638,1.737323120117e-09,6.103516e-15
639,1.737335327148e-09,1.220703e-14
640,1.737338378906e-09,3.051758e-15
641,1.737344482422e-09,6.103516e-15
642,1.737356689453e-09,1.220703e-14
643,1.737359741211e-09,3.051758e-15
644,1.737365844727e-09,6.103516e-15
645,1.737378051758e-09,1.220703e-14
646,1.737381103516e-09,3.051758e-15
647,1.737387207031e-09,6.103516e-15
648,1.737399414063e-09,1.220703e-14
649,1.737402465820e-09,3.051758e-15
650,1.737408569336e-09,6.103516e-15
651,1.737420776367e-09,1.220703e-14
652,1.737423828125e-09,3.051758e-15
653,1.737429931641e-09,6.103516e-15
654,1.737442138672e-09,1.220703e-14
655,1.737445190430e-09,3.051758e-15
656,1.737451293945e-09,6.103516e-15
657,1.737463500977e-09,1.220703e-14
658,1.737466552734e-09,3.051758e-15
659,1.737472656250e-09,6.103516e-15
660,1.737484863281e-09,1.220703e-14
661,1.737487915039e-09,3.051758e-15
662,1.737494018555e-09,6.103516e-15
663,1.737506225586e-09,1.220703e-14
664,1.737509277344e-09,3.051758e-15
665,1.737515380859e-09,6.103516e-15
666,1.737527587891e-09,1.220703e-14
667,1.737530639648e-09,3.051758e-15
668,1.737536743164e-09,6.103516e-15
669,1.737548950195e-09,1.220703e-14
670,1.737552001953e-09,3.051758e-15
671,1.737558105469e-09,6.103516e-15
672,1.737570312500e-09,1.220703e-14
673,1.737573364258e-09,3.051758e-15
674,1.737579467773e-09,6.103516e-15
675,1.737591674805e-09,1.220703e-14
676,1.737594726563e-09,3.051758e-15
677,1.737600830078e-09,6.103516e-15
678,1.737613037109e-09,1.220703e-14
679,1.737616088867e-09,3.051758e-15
680,1.737622192383e-09,6.103516e-15
681,1.737634399414e-09,1.220703e-14
682,1.737637451172e-09,3.051758e-15
683,1.737643554688e-09,6.103516e-15
684,1.737655761719e-09,1.220703e-14
685,1.737658813477e-09,3.051758e-15
686,1.737664916992e-09,6.103516e-15
687,1.737677124023e-09,1.220703e-14
688,1.737680175781e-09,3.051758e-15
689,1.737686279297e-09,6.103516e-15
690,1.737698486328e-09,1.220703e-14
691,1.737701538086e-09,3.051758e-15
692,1.737707641602e-09,6.103516e-15
693,1.737719848633e-09,1.220703e-14
694,1.737722900391e-09,3.051758e-15
695,1.737729003906e-09,6.103516e-15
696,1.737741210938e-09,1.220703e-14
697,1.737744262695e-09,3.051758e-15
698,1.737750366211e-09,6.103516e-15
699,1.737762573242e-09,1.220703e-14
700,1.737765625000e-09,3.051758e-15
701,1.737771728516e-09,6.103516e-15
702,1.737783935547e-09,1.220703e-14
703,1.737786987305e-09,3.051758e-15
704,1.737793090820e-09,6.103516e-15
705,1.737805297852e-09,1.220703e-14
706,1.737808349609e-09,3.051758e-15
707,1.737814453125e-09,6.103516e-15
708,1.737826660156e-09,1.220703e-14
709,1.737829711914e-09,3.051758e-15
710,1.737835815430e-09,6.103516e-15
711,1.737848022461e-09,1.220703e-14
712,1.737851074219e-09,3.051758e-15
713,1.737857177734e-09,6.103516e-15
714,1.737869384766e-09,1.220703e-14
715,1.737872436523e-09,3.051758e-15
716,1.737878540039e-09,6.103516e-15
717,1.737890747070e-09,1.220703e-14
718,1.737893798828e-09,3.051758e-15
719,1.737899902344e-09,6.103516e-15
720,1.737912109375e-09,1.220703e-14
721,1.737915161133e-09,3.051758e-15
722,1.737921264648e-09,6.103516e-15
723,1.737933471680e-09,1.220703e-14
724,1.737936523438e-09,3.051758e-15
725,1.737942626953e-09,6.103516e-15
726,1.737954833984e-09,1.220703e-14
727,1.737957885742e-09,3.051758e-15
728,1.737963989258e-09,6.103516e-15
729,1.737976196289e-09,1.220703e-14
730,1.737979248047e-09,3.051758e-15
731,1.737985351563e-09,6.103516e-15
732,1.737997558594e-09,1.220703e-14
733,1.738000610352e-09,3.051758e-15
734,1.738006713867e-09,6.103516e-15
735,1.738018920898e-09,1.220703e-14
736,1.738021972656e-09,3.051758e-15
737,1.738028076172e-09,6.103516e-15
738,1.738040283203e-09,1.220703e-14
739,1.738043334961e-09,3.051758e-15
740,1.738049438477e-09,6.103516e-15
741,1.738061645508e-09,1.220703e-14
742,1.738064697266e-09,3.051758e-15
743,1.738070800781e-09,6.103516e-15
744,1.738083007813e-09,1.220703e-14
745,1.738086059570e-09,3.051758e-15
746,1.738092163086e-09,6.103516e-15
747,1.738104370117e-09,1.220703e-14
748,1.738107421875e-09,3.051758e-15
749,1.738113525391e-09,6.103516e-15
750,1.738125732422e-09,1.220703e-14
751,1.738128784180e-09,3.051758e-15
752,1.738134887695e-09,6.103516e-15
753,1.738147094727e-09,1.220703e-14
754,1.738150146484e-09,3.051758e-15
755,1.738156250000e-09,6.103516e-15
756,1.738168457031e-09,1.220703e-14
757,1.738171508789e-09,3.051758e-15
758,1.738177612305e-09,6.103516e-15
759,1.738189819336e-09,1.220703e-14
760,1.738192871094e-09,3.051758e-15
761,1.738198974609e-09,6.103516e-15
762,1.738211181641e-09,1.220703e-14
763,1.738214233398e-09,3.051758e-15
764,1.738220336914e-09,6.103516e-15
765,1.738232543945e-09,1.220703e-14
766,1.738235595703e-09,3.051758e-15
767,1.738241699219e-09,6.103516e-15
768,1.738253906250e-09,1.220703e-14
769,1.738256958008e-09,3.051758e-15
770,1.738263061523e-09,6.103516e-15
771,1.738275268555e-09,1.220703e-14
772,1.738278320313e-09,3.051758e-15
773,1.738284423828e-09,6.103516e-15
774,1.738296630859e-09,1.220703e-14
775,1.738299682617e-09,3.051758e-15
776,1.738305786133e-09,6.103516e-15
777,1.738317993164e-09,1.220703e-14
778,1.738321044922e-09,3.051758e-15
779,1.738327148438e-09,6.103516e-15
780,1.738339355469e-09,1.220703e-14
781,1.738342407227e-09,3.051758e-15
782,1.738348510742e-09,6.103516e-15
783,1.738360717773e-09,1.220703e-14
784,1.738363769531e-09,3.051758e-15
785,1.738369873047e-09,6.103516e-15
786,1.738382080078e-09,1.220703e-14
787,1.738385131836e-09,3.051758e-15
788,1.738391235352e-09,6.103516e-15
789,1.738403442383e-09,1.220703e-14
790,1.738406494141e-09,3.051758e-15
791,1.738412597656e-09,6.103516e-15
792,1.738424804688e-09,1.220703e-14
793,1.738427856445e-09,3.051758e-15
794,1.738433959961e-09,6.103516e-15
795,1.738446166992e-09,1.220703e-14
796,1.738449218750e-09,3.051758e-15
797,1.738455322266e-09,6.103516e-15
798,1.738467529297e-09,1.220703e-14
799,1.738470581055e-09,3.051758e-15
800,1.738476684570e-09,6.103516e-15
801,1.738488891602e-09,1.220703e-14
802,1.738491943359e-09,3.051758e-15
803,1.738498046875e-09,6.103516e-15
804,1.738510253906e-09,1.220703e-14
805,1.738513305664e-09,3.051758e-15
806,1.738519409180e-09,6.103516e-15
807,1.738531616211e-09,1.220703e-14
808,1.738534667969e-09,3.051758e-15
809,1.738540771484e-09,6.103516e-15
810,1.738552978516e-09,1.220703e-14
811,1.738556030273e-09,3.051758e-15
812,1.738562133789e-09,6.103516e-15
813,1.738574340820e-09,1.220703e-14
814,1.738577392578e-09,3.051758e-15
815,1.738583496094e-09,6.103516e-15
816,1.738595703125e-09,1.220703e-14
817,1.738598754883e-09,3.051758e-15
818,1.738604858398e-09,6.103516e-15
819,1.738617065430e-09,1.220703e-14
820,1.738620117188e-09,3.051758e-15
821,1.738626220703e-09,6.103516e-15
822,1.738638427734e-09,1.220703e-14
823,1.738641479492e-09,3.051758e-15
824,1.738647583008e-09,6.103516e-15
825,1.738659790039e-09,1.220703e-14
826,1.738662841797e-09,3.051758e-15
827,1.738668945313e-09,6.103516e-15
828,1.738681152344e-09,1.220703e-14
829,1.738684204102e-09,3.051758e-15
830,1.738690307617e-09,6.103516e-15
831,1.738702514648e-09,1.220703e-14
832,1.738705566406e-09,3.051758e-15
833,1.738711669922e-09,6.103516e-15
834,1.738723876953e-09,1.220703e-14
835,1.738726928711e-09,3.051758e-15
836,1.738733032227e-09,6.103516e-15
837,1.738745239258e-09,1.220703e-14
838,1.738748291016e-09,3.051758e-15
839,1.738754394531e-09,6.103516e-15
840,1.738766601563e-09,1.220703e-14
841,1.738769653320e-09,3.051758e-15
842,1.738775756836e-09,6.103516e-15
843,1.738787963867e-09,1.220703e-14
844,1.738791015625e-09,3.051758e-15
845,1.738797119141e-09,6.103516e-15
846,1.738809326172e-09,1.220703e-14
847,1.738812377930e-09,3.051758e-15
848,1.738818481445e-09,6.103516e-15
849,1.738830688477e-09,1.220703e-14
850,1.738833740234e-09,3.051758e-15
851,1.738839843750e-09,6.103516e-15
852,1.738852050781e-09,1.220703e-14
853,1.738855102539e-09,3.051758e-15
854,1.738861206055e-09,6.103516e-15
855,1.738873413086e-09,1.220703e-14
856,1.738876464844e-09,3.051758e-15
857,1.738882568359e-09,6.103516e-15
858,1.738894775391e-09,1.220703e-14
859,1.738897827148e-09,3.051758e-15
860,1.738903930664e-09,6.103516e-15
861,1.738916137695e-09,1.220703e-14
862,1.738919189453e-09,3.051758e-15
863,1.738925292969e-09,6.103516e-15
864,1.738937500000e-09,1.220703e-14
865,1.738940551758e-09,3.051758e-15
866,1.738946655273e-09,6.103516e-15
867,1.738958862305e-09,1.220703e-14
868,1.738961914063e-09,3.051758e-15
869,1.738968017578e-09,6.103516e-15
870,1.738980224609e-09,1.220703e-14
871,1.738983276367e-09,3.051758e-15
872,1.738989379883e-09,6.103516e-15
873,1.739001586914e-09,1.220703e-14
874,1.739004638672e-09,3.051758e-15
875,1.739010742188e-09,6.103516e-15
876,1.739022949219e-09,1.220703e-14
877,1.739026000977e-09,3.051758e-15
878,1.739032104492e-09,6.103516e-15
879,1.739044311523e-09,1.220703e-14
880,1.739047363281e-09,3.051758e-15
881,1.739053466797e-09,6.103516e-15
882,1.739065673828e-09,1.220703e-14
883,1.739068725586e-09,3.051758e-15
884,1.739074829102e-09,6.103516e-15
885,1.739087036133e-09,1.220703e-14
886,1.739090087891e-09,3.051758e-15
887,1.739096191406e-09,6.103516e-15
888,1.739108398438e-09,1.220703e-14
889,1.739111450195e-09,3.051758e-15
890,1.739117553711e-09,6.103516e-15
891,1.739129760742e-09,1.220703e-14
892,1.739132812500e-09,3.051758e-15
893,1.739138916016e-09,6.103516e-15
894,1.739151123047e-09,1.220703e-14
895,1.739154174805e-09,3.051758e-15
896,1.739160278320e-09,6.103516e-15
897,1.739172485352e-09,1.220703e-14
898,1.739175537109e-09,3.051758e-15
899,1.739181640625e-09,6.103516e-15
900,1.739193847656e-09,1.220703e-14
901,1.739196899414e-09,3.051758e-15
902,1.739203002930e-09,6.103516e-15
903,1.739215209961e-09,1.220703e-14
904,1.739218261719e-09,3.051758e-15
905,1.739224365234e-09,6.103516e-15
906,1.739236572266e-09,1.220703e-14
907,1.739239624023e-09,3.051758e-15
908,1.739245727539e-09,6.103516e-15
909,1.739257934570e-09,1.220703e-14
910,1.739260986328e-09,3.051758e-15
911,1.739267089844e-09,6.103516e-15
912,1.739279296875e-09,1.220703e-14
913,1.739282348633e-09,3.051758e-15
914,1.739288452148e-09,6.103516e-15
915,1.739300659180e-09,1.220703e-14
916,1.739303710938e-09,3.051758e-15
917,1.739309814453e-09,6.103516e-15
918,1.739322021484e-09,1.220703e-14
919,1.739325073242e-09,3.051758e-15
920,1.739331176758e-09,6.103516e-15
921,1.739343383789e-09,1.220703e-14
922,1.739346435547e-09,3.051758e-15
923,1.739352539063e-09,6.103516e-15
924,1.739364746094e-09,1.220703e-14
925,1.739367797852e-09,3.051758e-15
926,1.739373901367e-09,6.103516e-15
927,1.739386108398e-09,1.220703e-14
928,1.739389160156e-09,3.051758e-15
929,1.739395263672e-09,6.103516e-15
930,1.739407470703e-09,1.220703e-14
931,1.739410522461e-09,3.051758e-15
932,1.739416625977e-09,6.103516e-15
933,1.739428833008e-09,1.220703e-14
934,1.739431884766e-09,3.051758e-15
935,1.739437988281e-09,6.103516e-15
936,1.739450195313e-09,1.220703e-14
937,1.739453247070e-09,3.051758e-15
938,1.739459350586e-09,6.103516e-15
939,1.739471557617e-09,1.220703e-14
940,1.739474609375e-09,3.051758e-15
941,1.739480712891e-09,6.103516e-15
942,1.739492919922e-09,1.220703e-14
943,1.739495971680e-09,3.051758e-15
944,1.739502075195e-09,6.103516e-15
945,1.739514282227e-09,1.220703e-14
946,1.739517333984e-09,3.051758e-15
947,1.739523437500e-09,6.103516e-15
948,1.739535644531e-09,1.220703e-14
949,1.739538696289e-09,3.051758e-15
950,1.739544799805e-09,6.103516e-15
951,1.739557006836e-09,1.220703e-14
952,1.739560058594e-09,3.051758e-15
953,1.739566162109e-09,6.103516e-15
954,1.739578369141e-09,1.220703e-14
955,1.739581420898e-09,3.051758e-15
956,1.739587524414e-09,6.103516e-15
957,1.739599731445e-09,1.220703e-14
958,1.739602783203e-09,3.051758e-15
959,1.739608886719e-09,6.103516e-15
960,1.739621093750e-09,1.220703e-14
961,1.739624145508e-09,3.051758e-15
962,1.739630249023e-09,6.103516e-15
963,1.739642456055e-09,1.220703e-14
964,1.739645507813e-09,3.051758e-15
965,1.739651611328e-09,6.103516e-15
966,1.739663818359e-09,1.220703e-14
967,1.739666870117e-09,3.051758e-15
968,1.739672973633e-09,6.103516e-15
969,1.739685180664e-09,1.220703e-14
970,1.739688232422e-09,3.051758e-15
971,1.739694335938e-09,6.103516e-15
972,1.739706542969e-09,1.220703e-14
973,1.739709594727e-09,3.051758e-15
974,1.739715698242e-09,6.103516e-15
975,1.739727905273e-09,1.220703e-14
976,1.739730957031e-09,3.051758e-15
977,1.739737060547e-09,6.103516e-15
978,1.739749267578e-09,1.220703e-14
979,1.739752319336e-09,3.051758e-15
980,1.739758422852e-09,6.103516e-15
981,1.739770629883e-09,1.220703e-14
982,1.739773681641e-09,3.051758e-15
983,1.739779785156e-09,6.103516e-15
984,1.739791992188e-09,1.220703e-14
985,1.739795043945e-09,3.051758e-15
986,1.739801147461e-09,6.103516e-15
987,1.739813354492e-09,1.220703e-14
988,1.739816406250e-09,3.051758e-15
989,1.739822509766e-09,6.103516e-15
990,1.739834716797e-09,1.220703e-14
991,1.739837768555e-09,3.051758e-15
992,1.739843872070e-09,6.103516e-15
993,1.739856079102e-09,1.220703e-14
994,1.739859130859e-09,3.051758e-15
995,1.739865234375e-09,6.103516e-15
996,1.739877441406e-09,1.220703e-14
997,1.739880493164e-09,3.051758e-15
998,1.739886596680e-09,6.103516e-15
999,1.739898803711e-09,1.220703e-14
1000,1.739901855469e-09,3.051758e-15
1001,1.739907958984e-09,6.103516e-15
1002,1.739920166016e-09,1.220703e-14
1003,1.739923217773e-09,3.051758e-15
1004,1.739929321289e-09,6.103516e-15
1005,1.739941528320e-09,1.220703e-14
1006,1.739944580078e-09,3.051758e-15
1007,1.739950683594e-09,6.103516e-15
1008,1.739962890625e-09,1.220703e-14
1009,1.739965942383e-09,3.051758e-15
1010,1.739972045898e-09,6.103516e-15
1011,1.739984252930e-09,1.220703e-14
1012,1.739987304688e-09,3.051758e-15
1013,1.739993408203e-09,6.103516e-15
1014,1.740005615234e-09,1.220703e-14
1015,1.740008666992e-09,3.051758e-15
1016,1.740014770508e-09,6.103516e-15
1017,1.740026977539e-09,1.220703e-14
1018,1.740030029297e-09,3.051758e-15
1019,1.740036132813e-09,6.103516e-15
1020,1.740048339844e-09,1.220703e-14
1021,1.740051391602e-09,3.051758e-15
1022,1.740057495117e-09,6.103516e-15
1023,1.740069702148e-09,1.220703e-14
1024,1.740072753906e-09,3.051758e-15
1025,1.740078857422e-09,6.103516e-15
1026,1.740091064453e-09,1.220703e-14
1027,1.740094116211e-09,3.051758e-15
1028,1.740100219727e-09,6.103516e-15
1029,1.740112426758e-09,1.220703e-14
1030,1.740115478516e-09,3.051758e-15
1031,1.740121582031e-09,6.103516e-15
1032,1.740133789063e-09,1.220703e-14
1033,1.740136840820e-09,3.051758e-15
1034,1.740142944336e-09,6.103516e-15
1035,1.740155151367e-09,1.220703e-14
1036,1.740158203125e-09,3.051758e-15
1037,1.740164306641e-09,6.103516e-15
1038,1.740176513672e-09,1.220703e-14
1039,1.740179565430e-09,3.051758e-15
1040,1.740185668945e-09,6.103516e-15
1041,1.740197875977e-09,1.220703e-14
1042,1.740200927734e-09,3.051758e-15
1043,1.740207031250e-09,6.103516e-15
1044,1.740219238281e-09,1.220703e-14
1045,1.740222290039e-09,3.051758e-15
1046,1.740228393555e-09,6.103516e-15
1047,1.740240600586e-09,1.220703e-14
1048,1.740243652344e-09,3.051758e-15
1049,1.740249755859e-09,6.103516e-15
1050,1.740261962891e-09,1.220703e-14
1051,1.740265014648e-09,3.051758e-15
1052,1.740271118164e-09,6.103516e-15
1053,1.740283325195e-09,1.220703e-14
1054,1.740286376953e-09,3.051758e-15
1055,1.740292480469e-09,6.103516e-15
1056,1.740304687500e-09,1.220703e-14
1057,1.740307739258e-09,3.051758e-15
1058,1.740313842773e-09,6.103516e-15
1059,1.740326049805e-09,1.220703e-14
1060,1.740329101563e-09,3.051758e-15
1061,1.740335205078e-09,6.103516e-15
1062,1.740347412109e-09,1.220703e-14
1063,1.740350463867e-09,3.051758e-15
1064,1.740356567383e-09,6.103516e-15
1065,1.740368774414e-09,1.220703e-14
1066,1.740371826172e-09,3.051758e-15
1067,1.740377929688e-09,6.103516e-15
1068,1.740390136719e-09,1.220703e-14
1069,1.740393188477e-09,3.051758e-15
1070,1.740399291992e-09,6.103516e-15
1071,1.740411499023e-09,1.220703e-14
1072,1.740414550781e-09,3.051758e-15
1073,1.740420654297e-09,6.103516e-15
1074,1.740432861328e-09,1.220703e-14
1075,1.740435913086e-09,3.051758e-15
1076,1.740442016602e-09,6.103516e-15
1077,1.740454223633e-09,1.220703e-14
1078,1.740457275391e-09,3.051758e-15
1079,1.740463378906e-09,6.103516e-15
1080,1.740475585938e-09,1.220703e-14
1081,1.740478637695e-09,3.051758e-15
1082,1.740484741211e-09,6.103516e-15
1083,1.740496948242e-09,1.220703e-14
1084,1.740500000000e-09,3.051758e-15
1085,1.740506103516e-09,6.103516e-15
1086,1.740518310547e-09,1.220703e-14
1087,1.740521362305e-09,3.051758e-15
1088,1.740527465820e-09,6.103516e-15
1089,1.740539672852e-09,1.220703e-14
1090,1.740542724609e-09,3.051758e-15
1091,1.740548828125e-09,6.103516e-15
1092,1.740561035156e-09,1.220703e-14
1093,1.740564086914e-09,3.051758e-15
1094,1.740570190430e-09,6.103516e-15
1095,1.740582397461e-09,1.220703e-14
1096,1.740585449219e-09,3.051758e-15
1097,1.740591552734e-09,6.103516e-15
1098,1.740603759766e-09,1.220703e-14
1099,1.740606811523e-09,3.051758e-15
1100,1.740612915039e-09,6.103516e-15
1101,1.740625122070e-09,1.220703e-14
1102,1.740628173828e-09,3.051758e-15
1103,1.740634277344e-09,6.103516e-15
1104,1.740646484375e-09,1.220703e-14
1105,1.740649536133e-09,3.051758e-15
1106,1.740655639648e-09,6.103516e-15
1107,1.740667846680e-09,1.220703e-14
1108,1.740670898438e-09,3.051758e-15
1109,1.740677001953e-09,6.103516e-15
1110,1.740689208984e-09,1.220703e-14
1111,1.740692260742e-09,3.051758e-15
1112,1.740698364258e-09,6.103516e-15
1113,1.740710571289e-09,1.220703e-14
1114,1.740713623047e-09,3.051758e-15
1115,1.740719726563e-09,6.103516e-15
1116,1.740731933594e-09,1.220703e-14
1117,1.740734985352e-09,3.051758e-15
1118,1.740741088867e-09,6.103516e-15
1119,1.740753295898e-09,1.220703e-14
1120,1.740756347656e-09,3.051758e-15
1121,1.740762451172e-09,6.103516e-15
1122,1.740774658203e-09,1.220703e-14
1123,1.740777709961e-09,3.051758e-15
1124,1.740783813477e-09,6.103516e-15
1125,1.740796020508e-09,1.220703e-14
1126,1.740799072266e-09,3.051758e-15
1127,1.740805175781e-09,6.103516e-15
1128,1.740817382813e-09,1.220703e-14
1129,1.740820434570e-09,3.051758e-15
1130,1.740826538086e-09,6.103516e-15
1131,1.740838745117e-09,1.220703e-14
1132,1.740841796875e-09,3.051758e-15
1133,1.740847900391e-09,6.103516e-15
1134,1.740860107422e-09,1.220703e-14
1135,1.740863159180e-09,3.051758e-15
1136,1.740869262695e-09,6.103516e-15
1137,1.740881469727e-09,1.220703e-14
1138,1.740884521484e-09,3.051758e-15
1139,1.740890625000e-09,6.103516e-15
1140,1.740902832031e-09,1.220703e-14
1141,1.740905883789e-09,3.051758e-15
1142,1.740911987305e-09,6.103516e-15
1143,1.740924194336e-09,1.220703e-14
1144,1.740927246094e-09,3.051758e-15
1145,1.740933349609e-09,6.103516e-15
1146,1.740945556641e-09,1.220703e-14
1147,1.740948608398e-09,3.051758e-15
1148,1.740954711914e-09,6.103516e-15
1149,1.740966918945e-09,1.220703e-14
1150,1.740969970703e-09,3.051758e-15
1151,1.740976074219e-09,6.103516e-15
1152,1.740988281250e-09,1.220703e-14
1153,1.740991333008e-09,3.051758e-15
1154,1.740997436523e-09,6.103516e-15
1155,1.741009643555e-09,1.220703e-14
1156,1.741012695313e-09,3.051758e-15
1157,1.741018798828e-09,6.103516e-15
1158,1.741031005859e-09,1.220703e-14
1159,1.741034057617e-09,3.051758e-15
1160,1.741040161133e-09,6.103516e-15
1161,1.741052368164e-09,1.220703e-14
1162,1.741055419922e-09,3.051758e-15
1163,1.741061523438e-09,6.103516e-15
1164,1.741073730469e-09,1.220703e-14
1165,1.741076782227e-09,3.051758e-15
1166,1.741082885742e-09,6.103516e-15
1167,1.741095092773e-09,1.220703e-14
1168,1.741098144531e-09,3.051758e-15
1169,1.741104248047e-09,6.103516e-15
1170,1.741116455078e-09,1.220703e-14
1171,1.741119506836e-09,3.051758e-15
1172,1.741125610352e-09,6.103516e-15
1173,1.741137817383e-09,1.220703e-14
1174,1.741140869141e-09,3.051758e-15
1175,1.741146972656e-09,6.103516e-15
1176,1.741159179688e-09,1.220703e-14
1177,1.741162231445e-09,3.051758e-15
1178,1.741168334961e-09,6.103516e-15
1179,1.741180541992e-09,1.220703e-14
1180,1.741183593750e-09,3.051758e-15
1181,1.741189697266e-09,6.103516e-15
1182,1.741201904297e-09,1.220703e-14
1183,1.741204956055e-09,3.051758e-15
1184,1.741211059570e-09,6.103516e-15
1185,1.741223266602e-09,1.220703e-14
1186,1.741226318359e-09,3.051758e-15
1187,1.741232421875e-09,6.103516e-15
1188,1.741244628906e-09,1.220703e-14
1189,1.741247680664e-09,3.051758e-15
1190,1.741253784180e-09,6.103516e-15
1191,1.741265991211e-09,1.220703e-14
1192,1.741269042969e-09,3.051758e-15
1193,1.741275146484e-09,6.103516e-15
1194,1.741287353516e-09,1.220703e-14
1195,1.741290405273e-09,3.051758e-15
1196,1.741296508789e-09,6.103516e-15
1197,1.741308715820e-09,1.220703e-14
1198,1.741311767578e-09,3.051758e-15
1199,1.741317871094e-09,6.103516e-15
1200,1.741330078125e-09,1.220703e-14
1201,1.741333129883e-09,3.051758e-15
1202,1.741339233398e-09,6.103516e-15
1203,1.741351440430e-09,1.220703e-14
1204,1.741354492188e-09,3.051758e-15
1205,1.741360595703e-09,6.103516e-15
1206,1.741372802734e-09,1.220703e-14
1207,1.741375854492e-09,3.051758e-15
1208,1.741381958008e-09,6.103516e-15
1209,1.741394165039e-09,1.220703e-14
1210,1.741397216797e-09,3.051758e-15
1211,1.741403320313e-09,6.103516e-15
1212,1.741415527344e-09,1.220703e-14
1213,1.741418579102e-09,3.051758e-15
1214,1.741424682617e-09,6.103516e-15
1215,1.741436889648e-09,1.220703e-14
1216,1.741439941406e-09,3.051758e-15
1217,1.741446044922e-09,6.103516e-15
1218,1.741458251953e-09,1.220703e-14
1219,1.741461303711e-09,3.051758e-15
1220,1.741467407227e-09,6.103516e-15
1221,1.741479614258e-09,1.220703e-14
1222,1.741482666016e-09,3.051758e-15
1223,1.741488769531e-09,6.103516e-15
1224,1.741500976563e-09,1.220703e-14
1225,1.741504028320e-09,3.051758e-15
1226,1.741510131836e-09,6.103516e-15
1227,1.741522338867e-09,1.220703e-14
1228,1.741525390625e-09,3.051758e-15
1229,1.741531494141e-09,6.103516e-15
1230,1.741543701172e-09,1.220703e-14
1231,1.741546752930e-09,3.051758e-15
1232,1.741552856445e-09,6.103516e-15
1233,1.741565063477e-09,1.220703e-14
1234,1.741568115234e-09,3.051758e-15
1235,1.741574218750e-09,6.103516e-15
1236,1.741586425781e-09,1.220703e-14
1237,1.741589477539e-09,3.051758e-15
1238,1.741595581055e-09,6.103516e-15
1239,1.741607788086e-09,1.220703e-14
1240,1.741610839844e-09,3.051758e-15
1241,1.741616943359e-09,6.103516e-15
1242,1.741629150391e-09,1.220703e-14
1243,1.741632202148e-09,3.051758e-15
1244,1.741638305664e-09,6.103516e-15
1245,1.741650512695e-09,1.220703e-14
1246,1.741653564453e-09,3.051758e-15
1247,1.741659667969e-09,6.103516e-15
1248,1.741671875000e-09,1.220703e-14
1249,1.741674926758e-09,3.051758e-15
1250,1.741681030273e-09,6.103516e-15
1251,1.741693237305e-09,1.220703e-14
1252,1.741696289063e-09,3.051758e-15
1253,1.741702392578e-09,6.103516e-15
1254,1.741714599609e-09,1.220703e-14
1255,1.741717651367e-09,3.051758e-15
1256,1.741723754883e-09,6.103516e-15
1257,1.741735961914e-09,1.220703e-14
1258,1.741739013672e-09,3.051758e-15
1259,1.741745117188e-09,6.103516e-15
1260,1.741757324219e-09,1.220703e-14
1261,1.741760375977e-09,3.051758e-15
1262,1.741766479492e-09,6.103516e-15
1263,1.741778686523e-09,1.220703e-14
1264,1.741781738281e-09,3.051758e-15
1265,1.741787841797e-09,6.103516e-15
1266,1.741800048828e-09,1.220703e-14
1267,1.741803100586e-09,3.051758e-15
1268,1.741809204102e-09,6.103516e-15
1269,1.741821411133e-09,1.220703e-14
1270,1.741824462891e-09,3.051758e-15
1271,1.741830566406e-09,6.103516e-15
1272,1.741842773438e-09,1.220703e-14
1273,1.741845825195e-09,3.051758e-15
1274,1.741851928711e-09,6.103516e-15
1275,1.741864135742e-09,1.220703e-14
1276,1.741867187500e-09,3.051758e-15
1277,1.741873291016e-09,6.103516e-15
1278,1.741885498047e-09,1.220703e-14
1279,1.741888549805e-09,3.051758e-15
1280,1.741894653320e-09,6.103516e-15
1281,1.741906860352e-09,1.220703e-14
1282,1.741909912109e-09,3.051758e-15
1283,1.741916015625e-09,6.103516e-15
1284,1.741928222656e-09,1.220703e-14
1285,1.741931274414e-09,3.051758e-15
1286,1.741937377930e-09,6.103516e-15
1287,1.741949584961e-09,1.220703e-14
1288,1.741952636719e-09,3.051758e-15
1289,1.741958740234e-09,6.103516e-15
1290,1.741970947266e-09,1.220703e-14
1291,1.741973999023e-09,3.051758e-15
1292,1.741980102539e-09,6.103516e-15
1293,1.741992309570e-09,1.220703e-14
1294,1.741995361328e-09,3.051758e-15
1295,1.742001464844e-09,6.103516e-15
1296,1.742013671875e-09,1.220703e-14
1297,1.742016723633e-09,3.051758e-15
1298,1.742022827148e-09,6.103516e-15
1299,1.742035034180e-09,1.220703e-14
1300,1.742038085938e-09,3.051758e-15
1301,1.742044189453e-09,6.103516e-15
1302,1.742056396484e-09,1.220703e-14
1303,1.742059448242e-09,3.051758e-15
1304,1.742065551758e-09,6.103516e-15
1305,1.742077758789e-09,1.220703e-14
1306,1.742080810547e-09,3.051758e-15
1307,1.742086914063e-09,6.103516e-15
1308,1.742099121094e-09,1.220703e-14
1309,1.742102172852e-09,3.051758e-15
1310,1.742108276367e-09,6.103516e-15
1311,1.742120483398e-09,1.220703e-14
1312,1.742123535156e-09,3.051758e-15
1313,1.742129638672e-09,6.103516e-15
1314,1.742141845703e-09,1.220703e-14
1315,1.742144897461e-09,3.051758e-15
1316,1.742151000977e-09,6.103516e-15
1317,1.742163208008e-09,1.220703e-14
1318,1.742166259766e-09,3.051758e-15
1319,1.742172363281e-09,6.103516e-15
1320,1.742184570313e-09,1.220703e-14
1321,1.742187622070e-09,3.051758e-15
1322,1.742193725586e-09,6.103516e-15
1323,1.742205932617e-09,1.220703e-14
1324,1.742208984375e-09,3.051758e-15
1325,1.742215087891e-09,6.103516e-15
1326,1.742227294922e-09,1.220703e-14
1327,1.742230346680e-09,3.051758e-15
1328,1.742236450195e-09,6.103516e-15
1329,1.742248657227e-09,1.220703e-14
1330,1.742251708984e-09,3.051758e-15
1331,1.742257812500e-09,6.103516e-15
1332,1.742270019531e-09,1.220703e-14
1333,1.742273071289e-09,3.051758e-15
1334,1.742279174805e-09,6.103516e-15
1335,1.742291381836e-09,1.220703e-14
1336,1.742294433594e-09,3.051758e-15
1337,1.742300537109e-09,6.103516e-15
1338,1.742312744141e-09,1.220703e-14
1339,1.742315795898e-09,3.051758e-15
1340,1.742321899414e-09,6.103516e-15
1341,1.742334106445e-09,1.220703e-14
1342,1.742337158203e-09,3.051758e-15
1343,1.742343261719e-09,6.103516e-15
1344,1.742355468750e-09,1.220703e-14
1345,1.742358520508e-09,3.051758e-15
1346,1.742364624023e-09,6.103516e-15
1347,1.742376831055e-09,1.220703e-14
1348,1.742379882813e-09,3.051758e-15
1349,1.742385986328e-09,6.103516e-15
1350,1.742398193359e-09,1.220703e-14
1351,1.742401245117e-09,3.051758e-15
1352,1.742407348633e-09,6.103516e-15
1353,1.742419555664e-09,1.220703e-14
1354,1.742422607422e-09,3.051758e-15
1355,1.742428710938e-09,6.103516e-15
1356,1.742440917969e-09,1.220703e-14
1357,1.742443969727e-09,3.051758e-15
1358,1.742450073242e-09,6.103516e-15
1359,1.742462280273e-09,1.220703e-14
1360,1.742465332031e-09,3.051758e-15
1361,1.742471435547e-09,6.103516e-15
1362,1.742483642578e-09,1.220703e-14
1363,1.742486694336e-09,3.051758e-15
1364,1.742492797852e-09,6.103516e-15
1365,1.742505004883e-09,1.220703e-14
1366,1.742508056641e-09,3.051758e-15
1367,1.742514160156e-09,6.103516e-15
1368,1.742526367188e-09,1.220703e-14
1369,1.742529418945e-09,3.051758e-15
1370,1.742535522461e-09,6.103516e-15
1371,1.742547729492e-09,1.220703e-14
1372,1.742550781250e-09,3.051758e-15
1373,1.742556884766e-09,6.103516e-15
1374,1.742569091797e-09,1.220703e-14
1375,1.742572143555e-09,3.051758e-15
1376,1.742578247070e-09,6.103516e-15
1377,1.742590454102e-09,1.220703e-14
1378,1.742593505859e-09,3.051758e-15
1379,1.742599609375e-09,6.103516e-15
1380,1.742611816406e-09,1.220703e-14
1381,1.742614868164e-09,3.051758e-15
1382,1.742620971680e-09,6.103516e-15
1383,1.742633178711e-09,1.220703e-14
1384,1.742636230469e-09,3.051758e-15
1385,1.742642333984e-09,6.103516e-15
1386,1.742654541016e-09,1.220703e-14
1387,1.742657592773e-09,3.051758e-15
1388,1.742663696289e-09,6.103516e-15
1389,1.742675903320e-09,1.220703e-14
1390,1.742678955078e-09,3.051758e-15
1391,1.742685058594e-09,6.103516e-15
1392,1.742697265625e-09,1.220703e-14
1393,1.742700317383e-09,3.051758e-15
1394,1.742706420898e-09,6.103516e-15
1395,1.742718627930e-09,1.220703e-14
1396,1.742721679688e-09,3.051758e-15
1397,1.742727783203e-09,6.103516e-15
1398,1.742739990234e-09,1.220703e-14
1399,1.742743041992e-09,3.051758e-15
1400,1.742749145508e-09,6.103516e-15
1401,1.742761352539e-09,1.220703e-14
1402,1.742764404297e-09,3.051758e-15
1403,1.742770507813e-09,6.103516e-15
1404,1.742782714844e-09,1.220703e-14
1405,1.742785766602e-09,3.051758e-15
1406,1.742791870117e-09,6.103516e-15
1407,1.742804077148e-09,1.220703e-14
1408,1.742807128906e-09,3.051758e-15
1409,1.742813232422e-09,6.103516e-15
1410,1.742825439453e-09,1.220703e-14
1411,1.742828491211e-09,3.051758e-15
1412,1.742834594727e-09,6.103516e-15
1413,1.742846801758e-09,1.220703e-14
1414,1.742849853516e-09,3.051758e-15
1415,1.742855957031e-09,6.103516e-15
1416,1.742868164063e-09,1.220703e-14
1417,1.742871215820e-09,3.051758e-15
1418,1.742877319336e-09,6.103516e-15
1419,1.742889526367e-09,1.220703e-14
1420,1.742892578125e-09,3.051758e-15
1421,1.742898681641e-09,6.103516e-15
1422,1.742910888672e-09,1.220703e-14
1423,1.742913940430e-09,3.051758e-15
1424,1.742920043945e-09,6.103516e-15
1425,1.742932250977e-09,1.220703e-14
1426,1.742935302734e-09,3.051758e-15
1427,1.742941406250e-09,6.103516e-15
1428,1.742953613281e-09,1.220703e-14
1429,1.742956665039e-09,3.051758e-15
1430,1.742962768555e-09,6.103516e-15
1431,1.742974975586e-09,1.220703e-14
1432,1.742978027344e-09,3.051758e-15
1433,1.742984130859e-09,6.103516e-15
1434,1.742996337891e-09,1.220703e-14
1435,1.742999389648e-09,3.051758e-15
1436,1.743005493164e-09,6.103516e-15
1437,1.743017700195e-09,1.220703e-14
1438,1.743020751953e-09,3.051758e-15
1439,1.743026855469e-09,6.103516e-15
1440,1.743039062500e-09,1.220703e-14
1441,1.743042114258e-09,3.051758e-15
1442,1.743048217773e-09,6.103516e-15
1443,1.743060424805e-09,1.220703e-14
1444,1.743063476563e-09,3.051758e-15
1445,1.743069580078e-09,6.103516e-15
1446,1.743081787109e-09,1.220703e-14
1447,1.743084838867e-09,3.051758e-15
1448,1.743090942383e-09,6.103516e-15
1449,1.743103149414e-09,1.220703e-14
1450,1.743106201172e-09,3.051758e-15
1451,1.743112304688e-09,6.103516e-15
1452,1.743124511719e-09,1.220703e-14
1453,1.743127563477e-09,3.051758e-15
1454,1.743133666992e-09,6.103516e-15
1455,1.743145874023e-09,1.220703e-14
1456,1.743148925781e-09,3.051758e-15
1457,1.743155029297e-09,6.103516e-15
1458,1.743167236328e-09,1.220703e-14
1459,1.743170288086e-09,3.051758e-15
1460,1.743176391602e-09,6.103516e-15
1461,1.743188598633e-09,1.220703e-14
1462,1.743191650391e-09,3.051758e-15
1463,1.743197753906e-09,6.103516e-15
1464,1.743209960938e-09,1.220703e-14
1465,1.743213012695e-09,3.051758e-15
1466,1.743219116211e-09,6.103516e-15
1467,1.743231323242e-09,1.220703e-14
1468,1.743234375000e-09,3.051758e-15
1469,1.743240478516e-09,6.103516e-15
1470,1.743252685547e-09,1.220703e-14
1471,1.743255737305e-09,3.051758e-15
1472,1.743261840820e-09,6.103516e-15
1473,1.743274047852e-09,1.220703e-14
1474,1.743277099609e-09,3.051758e-15
1475,1.743283203125e-09,6.103516e-15
1476,1.743295410156e-09,1.220703e-14
1477,1.743298461914e-09,3.051758e-15
1478,1.743304565430e-09,6.103516e-15
1479,1.743316772461e-09,1.220703e-14
1480,1.743319824219e-09,3.051758e-15
1481,1.743325927734e-09,6.103516e-15
1482,1.743338134766e-09,1.220703e-14
1483,1.743341186523e-09,3.051758e-15
1484,1.743347290039e-09,6.103516e-15
1485,1.743359497070e-09,1.220703e-14
1486,1.743362548828e-09,3.051758e-15
1487,1.743368652344e-09,6.103516e-15
1488,1.743380859375e-09,1.220703e-14
1489,1.743383911133e-09,3.051758e-15
1490,1.743390014648e-09,6.103516e-15
1491,1.743402221680e-09,1.220703e-14
1492,1.743405273438e-09,3.051758e-15
1493,1.743411376953e-09,6.103516e-15
1494,1.743423583984e-09,1.220703e-14
1495,1.743426635742e-09,3.051758e-15
1496,1.743432739258e-09,6.103516e-15
1497,1.743444946289e-09,1.220703e-14
1498,1.743447998047e-09,3.051758e-15
1499,1.743454101563e-09,6.103516e-15
1500,1.743466308594e-09,1.220703e-14
1501,1.743469360352e-09,3.051758e-15
1502,1.743475463867e-09,6.103516e-15
1503,1.743487670898e-09,1.220703e-14
1504,1.743490722656e-09,3.051758e-15
1505,1.743496826172e-09,6.103516e-15
1506,1.743509033203e-09,1.220703e-14
1507,1.743512084961e-09,3.051758e-15
1508,1.743518188477e-09,6.103516e-15
1509,1.743530395508e-09,1.220703e-14
1510,1.743533447266e-09,3.051758e-15
1511,1.743539550781e-09,6.103516e-15
1512,1.743551757813e-09,1.220703e-14
1513,1.743554809570e-09,3.051758e-15
1514,1.743560913086e-09,6.103516e-15
1515,1.743573120117e-09,1.220703e-14
1516,1.743576171875e-09,3.051758e-15
1517,1.743582275391e-09,6.103516e-15
1518,1.743594482422e-09,1.220703e-14
1519,1.743597534180e-09,3.051758e-15
1520,1.743603637695e-09,6.103516e-15
1521,1.743615844727e-09,1.220703e-14
1522,1.743618896484e-09,3.051758e-15
1523,1.743625000000e-09,6.103516e-15
1524,1.743637207031e-09,1.220703e-14
1525,1.743640258789e-09,3.051758e-15
1526,1.743646362305e-09,6.103516e-15
1527,1.743658569336e-09,1.220703e-14
1528,1.743661621094e-09,3.051758e-15
1529,1.743667724609e-09,6.103516e-15
1530,1.743679931641e-09,1.220703e-14
1531,1.743682983398e-09,3.051758e-15
1532,1.743689086914e-09,6.103516e-15
1533,1.743701293945e-09,1.220703e-14
1534,1.743704345703e-09,3.051758e-15
1535,1.743710449219e-09,6.103516e-15
1536,1.743722656250e-09,1.220703e-14
1537,1.743725708008e-09,3.051758e-15
1538,1.743731811523e-09,6.103516e-15
1539,1.743744018555e-09,1.220703e-14
1540,1.743747070313e-09,3.051758e-15
1541,1.743753173828e-09,6.103516e-15
1542,1.743765380859e-09,1.220703e-14
1543,1.743768432617e-09,3.051758e-15
1544,1.743774536133e-09,6.103516e-15
1545,1.743786743164e-09,1.220703e-14
1546,1.743789794922e-09,3.051758e-15
1547,1.743795898438e-09,6.103516e-15
1548,1.743808105469e-09,1.220703e-14
1549,1.743811157227e-09,3.051758e-15
1550,1.743817260742e-09,6.103516e-15
1551,1.743829467773e-09,1.220703e-14
1552,1.743832519531e-09,3.051758e-15
1553,1.743838623047e-09,6.103516e-15
1554,1.743850830078e-09,1.220703e-14
1555,1.743853881836e-09,3.051758e-15
1556,1.743859985352e-09,6.103516e-15
1557,1.743872192383e-09,1.220703e-14
1558,1.743875244141e-09,3.051758e-15
1559,1.743881347656e-09,6.103516e-15
1560,1.743893554688e-09,1.220703e-14
1561,1.743896606445e-09,3.051758e-15
1562,1.743902709961e-09,6.103516e-15
1563,1.743914916992e-09,1.220703e-14
1564,1.743917968750e-09,3.051758e-15
1565,1.743924072266e-09,6.103516e-15
1566,1.743936279297e-09,1.220703e-14
1567,1.743939331055e-09,3.051758e-15
1568,1.743945434570e-09,6.103516e-15
1569,1.743957641602e-09,1.220703e-14
1570,1.743960693359e-09,3.051758e-15
1571,1.743966796875e-09,6.103516e-15
1572,1.743979003906e-09,1.220703e-14
1573,1.743982055664e-09,3.051758e-15
1574,1.743988159180e-09,6.103516e-15
1575,1.744000366211e-09,1.220703e-14
1576,1.744003417969e-09,3.051758e-15
1577,1.744009521484e-09,6.103516e-15
1578,1.744021728516e-09,1.220703e-14
1579,1.744024780273e-09,3.051758e-15
1580,1.744030883789e-09,6.103516e-15
1581,1.744043090820e-09,1.220703e-14
1582,1.744046142578e-09,3.051758e-15
1583,1.744052246094e-09,6.103516e-15
1584,1.744064453125e-09,1.220703e-14
1585,1.744067504883e-09,3.051758e-15
1586,1.744073608398e-09,6.103516e-15
1587,1.744085815430e-09,1.220703e-14
1588,1.744088867188e-09,3.051758e-15
1589,1.744094970703e-09,6.103516e-15
1590,1.744107177734e-09,1.220703e-14
1591,1.744110229492e-09,3.051758e-15
1592,1.744116333008e-09,6.103516e-15
1593,1.744128540039e-09,1.220703e-14
1594,1.744131591797e-09,3.051758e-15
1595,1.744137695313e-09,6.103516e-15
1596,1.744149902344e-09,1.220703e-14
1597,1.744152954102e-09,3.051758e-15
1598,1.744159057617e-09,6.103516e-15
1599,1.744171264648e-09,1.220703e-14
1600,1.744174316406e-09,3.051758e-15
1601,1.744180419922e-09,6.103516e-15
1602,1.744192626953e-09,1.220703e-14
1603,1.744195678711e-09,3.051758e-15
1604,1.744201782227e-09,6.103516e-15
1605,1.744213989258e-09,1.220703e-14
1606,1.744217041016e-09,3.051758e-15
1607,1.744223144531e-09,6.103516e-15
1608,1.744235351563e-09,1.220703e-14
1609,1.744238403320e-09,3.051758e-15
1610,1.744244506836e-09,6.103516e-15
1611,1.744256713867e-09,1.220703e-14
1612,1.744259765625e-09,3.051758e-15
1613,1.744265869141e-09,6.103516e-15
1614,1.744278076172e-09,1.220703e-14
1615,1.744281127930e-09,3.051758e-15
1616,1.744287231445e-09,6.103516e-15
1617,1.744299438477e-09,1.220703e-14
1618,1.744302490234e-09,3.051758e-15
1619,1.744308593750e-09,6.103516e-15
1620,1.744320800781e-09,1.220703e-14
1621,1.744323852539e-09,3.051758e-15
1622,1.744329956055e-09,6.103516e-15
1623,1.744342163086e-09,1.220703e-14
1624,1.744345214844e-09,3.051758e-15
1625,1.744351318359e-09,6.103516e-15
1626,1.744363525391e-09,1.220703e-14
1627,1.744366577148e-09,3.051758e-15
1628,1.744372680664e-09,6.103516e-15
1629,1.744384887695e-09,1.220703e-14
1630,1.744387939453e-09,3.051758e-15
1631,1.744394042969e-09,6.103516e-15
1632,1.744406250000e-09,1.220703e-14
1633,1.744409301758e-09,3.051758e-15
1634,1.744415405273e-09,6.103516e-15
1635,1.744427612305e-09,1.220703e-14
1636,1.744430664063e-09,3.051758e-15
1637,1.744436767578e-09,6.103516e-15
1638,1.744448974609e-09,1.220703e-14
1639,1.744452026367e-09,3.051758e-15
1640,1.744458129883e-09,6.103516e-15
1641,1.744470336914e-09,1.220703e-14
1642,1.744473388672e-09,3.051758e-15
1643,1.744479492188e-09,6.103516e-15
1644,1.744491699219e-09,1.220703e-14
1645,1.744494750977e-09,3.051758e-15
1646,1.744500854492e-09,6.103516e-15
1647,1.744513061523e-09,1.220703e-14
1648,1.744516113281e-09,3.051758e-15
1649,1.744522216797e-09,6.103516e-15
1650,1.744534423828e-09,1.220703e-14
1651,1.744537475586e-09,3.051758e-15
1652,1.744543579102e-09,6.103516e-15
1653,1.744555786133e-09,1.220703e-14
1654,1.744558837891e-09,3.051758e-15
1655,1.744564941406e-09,6.103516e-15
1656,1.744577148438e-09,1.220703e-14
1657,1.744580200195e-09,3.051758e-15
1658,1.744586303711e-09,6.103516e-15
1659,1.744598510742e-09,1.220703e-14
1660,1.744601562500e-09,3.051758e-15
1661,1.744607666016e-09,6.103516e-15
1662,1.744619873047e-09,1.220703e-14
1663,1.744622924805e-09,3.051758e-15
1664,1.744629028320e-09,6.103516e-15
1665,1.744641235352e-09,1.220703e-14
1666,1.744644287109e-09,3.051758e-15
1667,1.744650390625e-09,6.103516e-15
1668,1.744662597656e-09,1.220703e-14
1669,1.744665649414e-09,3.051758e-15
1670,1.744671752930e-09,6.103516e-15
1671,1.744683959961e-09,1.220703e-14
1672,1.744687011719e-09,3.051758e-15
1673,1.744693115234e-09,6.103516e-15
1674,1.744705322266e-09,1.220703e-14
1675,1.744708374023e-09,3.051758e-15
1676,1.744714477539e-09,6.103516e-15
1677,1.744726684570e-09,1.220703e-14
1678,1.744729736328e-09,3.051758e-15
1679,1.744735839844e-09,6.103516e-15
1680,1.744748046875e-09,1.220703e-14
1681,1.744751098633e-09,3.051758e-15
1682,1.744757202148e-09,6.103516e-15
1683,1.744769409180e-09,1.220703e-14
1684,1.744772460938e-09,3.051758e-15
1685,1.744778564453e-09,6.103516e-15
1686,1.744790771484e-09,1.220703e-14
1687,1.744793823242e-09,3.051758e-15
1688,1.744799926758e-09,6.103516e-15
1689,1.744812133789e-09,1.220703e-14
1690,1.744815185547e-09,3.051758e-15
1691,1.744821289063e-09,6.103516e-15
1692,1.744833496094e-09,1.220703e-14
1693,1.744836547852e-09,3.051758e-15
1694,1.744842651367e-09,6.103516e-15
1695,1.744854858398e-09,1.220703e-14
1696,1.744857910156e-09,3.051758e-15
1697,1.744864013672e-09,6.103516e-15
1698,1.744876220703e-09,1.220703e-14
1699,1.744879272461e-09,3.051758e-15
1700,1.744885375977e-09,6.103516e-15
1701,1.744897583008e-09,1.220703e-14
1702,1.744900634766e-09,3.051758e-15
1703,1.744906738281e-09,6.103516e-15
1704,1.744918945313e-09,1.220703e-14
1705,1.744921997070e-09,3.051758e-15
1706,1.744928100586e-09,6.103516e-15
1707,1.744940307617e-09,1.220703e-14
1708,1.744943359375e-09,3.051758e-15
1709,1.744949462891e-09,6.103516e-15
1710,1.744961669922e-09,1.220703e-14
1711,1.744964721680e-09,3.051758e-15
1712,1.744970825195e-09,6.103516e-15
1713,1.744983032227e-09,1.220703e-14
1714,1.744986083984e-09,3.051758e-15
1715,1.744992187500e-09,6.103516e-15
1716,1.745004394531e-09,1.220703e-14
1717,1.745007446289e-09,3.051758e-15
1718,1.745013549805e-09,6.103516e-15
1719,1.745025756836e-09,1.220703e-14
1720,1.745028808594e-09,3.051758e-15
1721,1.745034912109e-09,6.103516e-15
1722,1.745047119141e-09,1.220703e-14
1723,1.745050170898e-09,3.051758e-15
1724,1.745056274414e-09,6.103516e-15
1725,1.745068481445e-09,1.220703e-14
1726,1.745071533203e-09,3.051758e-15
1727,1.745077636719e-09,6.103516e-15
1728,1.745089843750e-09,1.220703e-14
1729,1.745092895508e-09,3.051758e-15
1730,1.745098999023e-09,6.103516e-15
1731,1.745111206055e-09,1.220703e-14
1732,1.745114257813e-09,3.051758e-15
1733,1.745120361328e-09,6.103516e-15
1734,1.745132568359e-09,1.220703e-14
1735,1.745135620117e-09,3.051758e-15
1736,1.745141723633e-09,6.103516e-15
1737,1.745153930664e-09,1.220703e-14
1738,1.745156982422e-09,3.051758e-15
1739,1.745163085938e-09,6.103516e-15
1740,1.745175292969e-09,1.220703e-14
1741,1.745178344727e-09,3.051758e-15
1742,1.745184448242e-09,6.103516e-15
1743,1.745196655273e-09,1.220703e-14
1744,1.745199707031e-09,3.051758e-15
1745,1.745205810547e-09,6.103516e-15
1746,1.745218017578e-09,1.220703e-14
1747,1.745221069336e-09,3.051758e-15
1748,1.745227172852e-09,6.103516e-15
1749,1.745239379883e-09,1.220703e-14
1750,1.745242431641e-09,3.051758e-15
1751,1.745248535156e-09,6.103516e-15
1752,1.745260742188e-09,1.220703e-14
1753,1.745263793945e-09,3.051758e-15
1754,1.745269897461e-09,6.103516e-15
1755,1.745282104492e-09,1.220703e-14
1756,1.745285156250e-09,3.051758e-15
1757,1.745291259766e-09,6.103516e-15
1758,1.745303466797e-09,1.220703e-14
1759,1.745306518555e-09,3.051758e-15
1760,1.745312622070e-09,6.103516e-15
1761,1.745324829102e-09,1.220703e-14
1762,1.745327880859e-09,3.051758e-15
1763,1.745333984375e-09,6.103516e-15
1764,1.745346191406e-09,1.220703e-14
1765,1.745349243164e-09,3.051758e-15
1766,1.745355346680e-09,6.103516e-15
1767,1.745367553711e-09,1.220703e-14
1768,1.745370605469e-09,3.051758e-15
1769,1.745376708984e-09,6.103516e-15
1770,1.745388916016e-09,1.220703e-14
1771,1.745391967773e-09,3.051758e-15
1772,1.745398071289e-09,6.103516e-15
1773,1.745410278320e-09,1.220703e-14
1774,1.745413330078e-09,3.051758e-15
1775,1.745419433594e-09,6.103516e-15
1776,1.745431640625e-09,1.220703e-14
1777,1.745434692383e-09,3.051758e-15
1778,1.745440795898e-09,6.103516e-15
1779,1.745453002930e-09,1.220703e-14
1780,1.745456054688e-09,3.051758e-15
1781,1.745462158203e-09,6.103516e-15
1782,1.745474365234e-09,1.220703e-14
1783,1.745477416992e-09,3.051758e-15
1784,1.745483520508e-09,6.103516e-15
1785,1.745495727539e-09,1.220703e-14
1786,1.745498779297e-09,3.051758e-15
1787,1.745504882813e-09,6.103516e-15
1788,1.745517089844e-09,1.220703e-14
1789,1.745520141602e-09,3.051758e-15
1790,1.745526245117e-09,6.103516e-15
1791,1.745538452148e-09,1.220703e-14
1792,1.745541503906e-09,3.051758e-15
1793,1.745547607422e-09,6.103516e-15
1794,1.745559814453e-09,1.220703e-14
1795,1.745562866211e-09,3.051758e-15
1796,1.745568969727e-09,6.103516e-15
1797,1.745581176758e-09,1.220703e-14
1798,1.745584228516e-09,3.051758e-15
1799,1.745590332031e-09,6.103516e-15
1800,1.745602539063e-09,1.220703e-14
1801,1.745605590820e-09,3.051758e-15
1802,1.745611694336e-09,6.103516e-15
1803,1.745623901367e-09,1.220703e-14
1804,1.745626953125e-09,3.051758e-15
1805,1.745633056641e-09,6.103516e-15
1806,1.745645263672e-09,1.220703e-14
1807,1.745648315430e-09,3.051758e-15
1808,1.745654418945e-09,6.103516e-15
1809,1.745666625977e-09,1.220703e-14
1810,1.745669677734e-09,3.051758e-15
1811,1.745675781250e-09,6.103516e-15
1812,1.745687988281e-09,1.220703e-14
1813,1.745691040039e-09,3.051758e-15
1814,1.745697143555e-09,6.103516e-15
1815,1.745709350586e-09,1.220703e-14
1816,1.745712402344e-09,3.051758e-15
1817,1.745718505859e-09,6.103516e-15
1818,1.745730712891e-09,1.220703e-14
1819,1.745733764648e-09,3.051758e-15
1820,1.745739868164e-09,6.103516e-15
1821,1.745752075195e-09,1.220703e-14
1822,1.745755126953e-09,3.051758e-15
1823,1.745761230469e-09,6.103516e-15
1824,1.745773437500e-09,1.220703e-14
1825,1.745776489258e-09,3.051758e-15
1826,1.745782592773e-09,6.103516e-15
1827,1.745794799805e-09,1.220703e-14
1828,1.745797851563e-09,3.051758e-15
1829,1.745803955078e-09,6.103516e-15
1830,1.745816162109e-09,1.220703e-14
1831,1.745819213867e-09,3.051758e-15
1832,1.745825317383e-09,6.103516e-15
1833,1.745837524414e-09,1.220703e-14
1834,1.745840576172e-09,3.051758e-15
1835,1.745846679688e-09,6.103516e-15
1836,1.745858886719e-09,1.220703e-14
1837,1.745861938477e-09,3.051758e-15
1838,1.745868041992e-09,6.103516e-15
1839,1.745880249023e-09,1.220703e-14
1840,1.745883300781e-09,3.051758e-15
1841,1.745889404297e-09,6.103516e-15
1842,1.745901611328e-09,1.220703e-14
1843,1.745904663086e-09,3.051758e-15
1844,1.745910766602e-09,6.103516e-15
1845,1.745922973633e-09,1.220703e-14
1846,1.745926025391e-09,3.051758e-15
1847,1.745932128906e-09,6.103516e-15
1848,1.745944335938e-09,1.220703e-14
1849,1.745947387695e-09,3.051758e-15
1850,1.745953491211e-09,6.103516e-15
1851,1.745965698242e-09,1.220703e-14
1852,1.745968750000e-09,3.051758e-15
1853,1.745974853516e-09,6.103516e-15
1854,1.745987060547e-09,1.220703e-14
1855,1.745990112305e-09,3.051758e-15
1856,1.745996215820e-09,6.103516e-15
1857,1.746008422852e-09,1.220703e-14
1858,1.746011474609e-09,3.051758e-15
1859,1.746017578125e-09,6.103516e-15
1860,1.746029785156e-09,1.220703e-14
1861,1.746032836914e-09,3.051758e-15
1862,1.746038940430e-09,6.103516e-15
1863,1.746051147461e-09,1.220703e-14
1864,1.746054199219e-09,3.051758e-15
1865,1.746060302734e-09,6.103516e-15
1866,1.746072509766e-09,1.220703e-14
1867,1.746075561523e-09,3.051758e-15
1868,1.746081665039e-09,6.103516e-15
1869,1.746093872070e-09,1.220703e-14
1870,1.746096923828e-09,3.051758e-15
1871,1.746103027344e-09,6.103516e-15
1872,1.746115234375e-09,1.220703e-14
1873,1.746118286133e-09,3.051758e-15
1874,1.746124389648e-09,6.103516e-15
1875,1.746136596680e-09,1.220703e-14
1876,1.746139648438e-09,3.051758e-15
1877,1.746145751953e-09,6.103516e-15
1878,1.746157958984e-09,1.220703e-14
1879,1.746161010742e-09,3.051758e-15
1880,1.746167114258e-09,6.103516e-15
1881,1.746179321289e-09,1.220703e-14
1882,1.746182373047e-09,3.051758e-15
1883,1.746188476563e-09,6.103516e-15
1884,1.746200683594e-09,1.220703e-14
1885,1.746203735352e-09,3.051758e-15
1886,1.746209838867e-09,6.103516e-15
1887,1.746222045898e-09,1.220703e-14
1888,1.746225097656e-09,3.051758e-15
1889,1.746231201172e-09,6.103516e-15
1890,1.746243408203e-09,1.220703e-14
1891,1.746246459961e-09,3.051758e-15
1892,1.746252563477e-09,6.103516e-15
1893,1.746264770508e-09,1.220703e-14
1894,1.746267822266e-09,3.051758e-15
1895,1.746273925781e-09,6.103516e-15
1896,1.746286132813e-09,1.220703e-14
1897,1.746289184570e-09,3.051758e-15
1898,1.746295288086e-09,6.103516e-15
1899,1.746307495117e-09,1.220703e-14
1900,1.746310546875e-09,3.051758e-15
1901,1.746316650391e-09,6.103516e-15
1902,1.746328857422e-09,1.220703e-14
1903,1.746331909180e-09,3.051758e-15
1904,1.746338012695e-09,6.103516e-15
1905,1.746350219727e-09,1.220703e-14
1906,1.746353271484e-09,3.051758e-15
1907,1.746359375000e-09,6.103516e-15
1908,1.746371582031e-09,1.220703e-14
1909,1.746374633789e-09,3.051758e-15
1910,1.746380737305e-09,6.103516e-15
1911,1.746392944336e-09,1.220703e-14
1912,1.746395996094e-09,3.051758e-15
1913,1.746402099609e-09,6.103516e-15
1914,1.746414306641e-09,1.220703e-14
1915,1.746417358398e-09,3.051758e-15
1916,1.746423461914e-09,6.103516e-15
1917,1.746435668945e-09,1.220703e-14
1918,1.746438720703e-09,3.051758e-15
1919,1.746444824219e-09,6.103516e-15
1920,1.746457031250e-09,1.220703e-14
1921,1.746460083008e-09,3.051758e-15
1922,1.746466186523e-09,6.103516e-15
1923,1.746478393555e-09,1.220703e-14
1924,1.746481445313e-09,3.051758e-15
1925,1.746487548828e-09,6.103516e-15
1926,1.746499755859e-09,1.220703e-14
1927,1.746502807617e-09,3.051758e-15
1928,1.746508911133e-09,6.103516e-15
1929,1.746521118164e-09,1.220703e-14
1930,1.746524169922e-09,3.051758e-15
1931,1.746530273438e-09,6.103516e-15
1932,1.746542480469e-09,1.220703e-14
1933,1.746545532227e-09,3.051758e-15
1934,1.746551635742e-09,6.103516e-15
1935,1.746563842773e-09,1.220703e-14
1936,1.746566894531e-09,3.051758e-15
1937,1.746572998047e-09,6.103516e-15
1938,1.746585205078e-09,1.220703e-14
1939,1.746588256836e-09,3.051758e-15
1940,1.746594360352e-09,6.103516e-15
1941,1.746606567383e-09,1.220703e-14
1942,1.746609619141e-09,3.051758e-15
1943,1.746615722656e-09,6.103516e-15
1944,1.746627929688e-09,1.220703e-14
1945,1.746630981445e-09,3.051758e-15
1946,1.746637084961e-09,6.103516e-15
1947,1.746649291992e-09,1.220703e-14
1948,1.746652343750e-09,3.051758e-15
1949,1.746658447266e-09,6.103516e-15
1950,1.746670654297e-09,1.220703e-14
1951,1.746673706055e-09,3.051758e-15
1952,1.746679809570e-09,6.103516e-15
1953,1.746692016602e-09,1.220703e-14
1954,1.746695068359e-09,3.051758e-15
1955,1.746701171875e-09,6.103516e-15
1956,1.746713378906e-09,1.220703e-14
1957,1.746716430664e-09,3.051758e-15
1958,1.746722534180e-09,6.103516e-15
1959,1.746734741211e-09,1.220703e-14
1960,1.746737792969e-09,3.051758e-15
1961,1.746743896484e-09,6.103516e-15
1962,1.746756103516e-09,1.220703e-14
1963,1.746759155273e-09,3.051758e-15
1964,1.746765258789e-09,6.103516e-15
1965,1.746777465820e-09,1.220703e-14
1966,1.746780517578e-09,3.051758e-15
1967,1.746786621094e-09,6.103516e-15
1968,1.746798828125e-09,1.220703e-14
1969,1.746801879883e-09,3.051758e-15
1970,1.746807983398e-09,6.103516e-15
1971,1.746820190430e-09,1.220703e-14
1972,1.746823242188e-09,3.051758e-15
1973,1.746829345703e-09,6.103516e-15
1974,1.746841552734e-09,1.220703e-14
1975,1.746844604492e-09,3.051758e-15
1976,1.746850708008e-09,6.103516e-15
1977,1.746862915039e-09,1.220703e-14
1978,1.746865966797e-09,3.051758e-15
1979,1.746872070313e-09,6.103516e-15
1980,1.746884277344e-09,1.220703e-14
1981,1.746887329102e-09,3.051758e-15
1982,1.746893432617e-09,6.103516e-15
1983,1.746905639648e-09,1.220703e-14
1984,1.746908691406e-09,3.051758e-15
1985,1.746914794922e-09,6.103516e-15
1986,1.746927001953e-09,1.220703e-14
1987,1.746930053711e-09,3.051758e-15
1988,1.746936157227e-09,6.103516e-15
1989,1.746948364258e-09,1.220703e-14
1990,1.746951416016e-09,3.051758e-15
1991,1.746957519531e-09,6.103516e-15
1992,1.746969726563e-09,1.220703e-14
1993,1.746972778320e-09,3.051758e-15
1994,1.746978881836e-09,6.103516e-15
1995,1.746991088867e-09,1.220703e-14
1996,1.746994140625e-09,3.051758e-15
1997,1.747000244141e-09,6.103516e-15
1998,1.747012451172e-09,1.220703e-14
1999,1.747015502930e-09,3.051758e-15
