# 0. does the ring oscillate at all, at every point on the grid?
# A current-starved ring must satisfy Barkhausen with the small-signal
# gain its cell actually has: an N-stage single-ended ring needs a
# per-stage gain of 1/cos(pi/N) -- **2.00 for N=3**, 1.24 for N=5, 1.11
# for N=7. A current-starved inverter loses gain as its head and tail
# devices are driven fully on, because their series resistance degenerates
# the stage. So the top of the band is where a low stage count is at risk,
# and that is exactly where this grid finds it.
# 
# The 3-stage ring is **static** (no half-supply crossing to measure,
# despite the same start-up kick that dislodged the other counts) at:
# all-fast B7 @ 0.9 V.
# This is a measured outcome, not a missing measurement -- those
# `.measure` statements are declared `optional` for exactly this reason,
# and the point's other measurements are kept.
stages,required per-stage gain,points where the ring did not start,verdict
3,2.00,1 of 48,**DISQUALIFIED**
5,1.24,0 of 48,oscillates everywhere
7,1.11,0 of 48,oscillates everywhere
