bundle,res_sec,moscap_sec,mimcap_sec,temp_c,vctrl_v,r_ohm,c1_f,c2_f,ctot_f,fz_hz,fp3_hz,ph_peak_deg,fit_err_frac
rff-mff-xff,ff,ff,ff,-40,0.3,62301.2,9.91011e-11,1.8151e-12,1.00916e-10,25777.7,1.43319e+06,-15.2838,0.00054
rff-mff-xff,ff,ff,ff,-40,0.9,62302.6,1.07053e-10,1.8151e-12,1.08869e-10,23862.3,1.43124e+06,-14.7211,0.00054
rff-mff-xff,ff,ff,ff,-40,1.35,62302.8,1.08344e-10,1.8151e-12,1.10159e-10,23578.1,1.43096e+06,-14.6375,0.00054
rff-mff-xff,ff,ff,ff,-40,1.8,62302.7,1.0868e-10,1.8151e-12,1.10496e-10,23505.1,1.43089e+06,-14.6160,0.00054
rff-mff-xff,ff,ff,ff,-40,2.25,62302.8,1.08767e-10,1.8151e-12,1.10582e-10,23486.4,1.43087e+06,-14.6105,0.00054
rff-mff-xff,ff,ff,ff,-40,2.7,62302.8,1.08789e-10,1.8151e-12,1.10604e-10,23481.6,1.43086e+06,-14.6090,0.00054
rff-mff-xff,ff,ff,ff,27,0.3,61723.4,9.91011e-11,1.8173e-12,1.00918e-10,26019.1,1.44489e+06,-15.2957,0.00053
rff-mff-xff,ff,ff,ff,27,0.9,61724.6,1.07053e-10,1.8173e-12,1.08871e-10,24085.8,1.44293e+06,-14.7279,0.00053
rff-mff-xff,ff,ff,ff,27,1.35,61724.8,1.08344e-10,1.8173e-12,1.10161e-10,23798.8,1.44264e+06,-14.6434,0.00053
rff-mff-xff,ff,ff,ff,27,1.8,61724.8,1.0868e-10,1.8173e-12,1.10498e-10,23725.1,1.44256e+06,-14.6217,0.00053
rff-mff-xff,ff,ff,ff,27,2.25,61724.9,1.08767e-10,1.8173e-12,1.10584e-10,23706.2,1.44254e+06,-14.6162,0.00053
rff-mff-xff,ff,ff,ff,27,2.7,61724.9,1.08789e-10,1.8173e-12,1.10606e-10,23701.4,1.44254e+06,-14.6148,0.00053
rff-mff-xff,ff,ff,ff,125,0.3,61577.7,9.91011e-11,1.81888e-12,1.0092e-10,26080.6,1.44708e+06,-15.3013,0.00052
rff-mff-xff,ff,ff,ff,125,0.9,61579,1.07053e-10,1.81888e-12,1.08872e-10,24142.8,1.44511e+06,-14.7338,0.00052
rff-mff-xff,ff,ff,ff,125,1.35,61579.2,1.08344e-10,1.81888e-12,1.10163e-10,23855.1,1.44482e+06,-14.6492,0.00052
rff-mff-xff,ff,ff,ff,125,1.8,61579.2,1.0868e-10,1.81888e-12,1.10499e-10,23781.2,1.44474e+06,-14.6274,0.00052
rff-mff-xff,ff,ff,ff,125,2.25,61579.2,1.08767e-10,1.81888e-12,1.10586e-10,23762.3,1.44473e+06,-14.6218,0.00052
rff-mff-xff,ff,ff,ff,125,2.7,61579.2,1.08789e-10,1.81888e-12,1.10608e-10,23757.5,1.44472e+06,-14.6204,0.00052
rff-mff-xss,ff,ff,ss,-40,0.3,62299.1,9.91011e-11,2.21299e-12,1.01314e-10,25778.6,1.18019e+06,-16.8207,0.00046
rff-mff-xss,ff,ff,ss,-40,0.9,62300.2,1.07054e-10,2.21299e-12,1.09266e-10,23863.3,1.17825e+06,-16.2026,0.00046
rff-mff-xss,ff,ff,ss,-40,1.35,62300.4,1.08344e-10,2.21299e-12,1.10557e-10,23578.9,1.17796e+06,-16.1094,0.00046
rff-mff-xss,ff,ff,ss,-40,1.8,62300.5,1.08681e-10,2.21299e-12,1.10894e-10,23505.9,1.17789e+06,-16.0855,0.00046
rff-mff-xss,ff,ff,ss,-40,2.25,62300.5,1.08767e-10,2.21299e-12,1.1098e-10,23487.2,1.17787e+06,-16.0793,0.00046
rff-mff-xss,ff,ff,ss,-40,2.7,62300.5,1.08789e-10,2.21299e-12,1.11002e-10,23482.4,1.17786e+06,-16.0778,0.00046
rff-mff-xss,ff,ff,ss,27,0.3,61721.2,9.91011e-11,2.21567e-12,1.01317e-10,26020,1.18983e+06,-16.8284,0.00045
rff-mff-xss,ff,ff,ss,27,0.9,61722.3,1.07054e-10,2.21567e-12,1.09269e-10,24086.7,1.18787e+06,-16.2124,0.00045
rff-mff-xss,ff,ff,ss,27,1.35,61722.5,1.08344e-10,2.21567e-12,1.1056e-10,23799.7,1.18758e+06,-16.1184,0.00045
rff-mff-xss,ff,ff,ss,27,1.8,61722.6,1.08681e-10,2.21567e-12,1.10896e-10,23726,1.18751e+06,-16.0942,0.00045
rff-mff-xss,ff,ff,ss,27,2.25,61722.6,1.08767e-10,2.21567e-12,1.10983e-10,23707.1,1.18749e+06,-16.0880,0.00045
rff-mff-xss,ff,ff,ss,27,2.7,61722.6,1.08789e-10,2.21567e-12,1.11005e-10,23702.3,1.18748e+06,-16.0864,0.00045
rff-mff-xss,ff,ff,ss,125,0.3,61575.6,9.91011e-11,2.21759e-12,1.01319e-10,26081.5,1.19163e+06,-16.8351,0.00044
rff-mff-xss,ff,ff,ss,125,0.9,61576.6,1.07054e-10,2.21759e-12,1.09271e-10,24143.7,1.18967e+06,-16.2195,0.00044
rff-mff-xss,ff,ff,ss,125,1.35,61576.9,1.08344e-10,2.21759e-12,1.10562e-10,23856,1.18938e+06,-16.1252,0.00044
rff-mff-xss,ff,ff,ss,125,1.8,61576.9,1.08681e-10,2.21759e-12,1.10898e-10,23782.1,1.1893e+06,-16.1010,0.00044
rff-mff-xss,ff,ff,ss,125,2.25,61576.9,1.08767e-10,2.21759e-12,1.10985e-10,23763.2,1.18929e+06,-16.0948,0.00044
rff-mff-xss,ff,ff,ss,125,2.7,61576.9,1.08789e-10,2.21759e-12,1.11007e-10,23758.4,1.18928e+06,-16.0932,0.00044
rff-mff-xtyp,ff,ff,typical,-40,0.3,62300.1,9.91011e-11,2.01404e-12,1.01115e-10,25778.2,1.2942e+06,-16.0756,0.00050
rff-mff-xtyp,ff,ff,typical,-40,0.9,62301.4,1.07053e-10,2.01404e-12,1.09068e-10,23862.8,1.29225e+06,-15.4818,0.00050
rff-mff-xtyp,ff,ff,typical,-40,1.35,62301.5,1.08344e-10,2.01404e-12,1.10358e-10,23578.5,1.29197e+06,-15.3935,0.00050
rff-mff-xtyp,ff,ff,typical,-40,1.8,62301.6,1.0868e-10,2.01404e-12,1.10695e-10,23505.5,1.29189e+06,-15.3708,0.00050
rff-mff-xtyp,ff,ff,typical,-40,2.25,62301.6,1.08767e-10,2.01404e-12,1.10781e-10,23486.8,1.29187e+06,-15.3650,0.00050
rff-mff-xtyp,ff,ff,typical,-40,2.7,62301.6,1.08789e-10,2.01404e-12,1.10803e-10,23482,1.29187e+06,-15.3635,0.00050
rff-mff-xtyp,ff,ff,typical,27,0.3,61722.3,9.91011e-11,2.01648e-12,1.01118e-10,26019.5,1.30476e+06,-16.0832,0.00048
rff-mff-xtyp,ff,ff,typical,27,0.9,61723.4,1.07053e-10,2.01648e-12,1.0907e-10,24086.3,1.30281e+06,-15.4897,0.00048
rff-mff-xtyp,ff,ff,typical,27,1.35,61723.6,1.08344e-10,2.01648e-12,1.1036e-10,23799.3,1.30252e+06,-15.4006,0.00048
rff-mff-xtyp,ff,ff,typical,27,1.8,61723.6,1.0868e-10,2.01648e-12,1.10697e-10,23725.6,1.30244e+06,-15.3777,0.00048
rff-mff-xtyp,ff,ff,typical,27,2.25,61723.7,1.08767e-10,2.01648e-12,1.10783e-10,23706.7,1.30242e+06,-15.3718,0.00048
rff-mff-xtyp,ff,ff,typical,27,2.7,61723.7,1.08789e-10,2.01648e-12,1.10806e-10,23701.9,1.30242e+06,-15.3703,0.00048
rff-mff-xtyp,ff,ff,typical,125,0.3,61576.7,9.91011e-11,2.01823e-12,1.01119e-10,26081.1,1.30674e+06,-16.0893,0.00048
rff-mff-xtyp,ff,ff,typical,125,0.9,61577.7,1.07053e-10,2.01823e-12,1.09072e-10,24143.2,1.30478e+06,-15.4961,0.00048
rff-mff-xtyp,ff,ff,typical,125,1.35,61578,1.08344e-10,2.01823e-12,1.10362e-10,23855.6,1.30449e+06,-15.4068,0.00048
rff-mff-xtyp,ff,ff,typical,125,1.8,61578,1.0868e-10,2.01823e-12,1.10699e-10,23781.7,1.30441e+06,-15.3838,0.00048
rff-mff-xtyp,ff,ff,typical,125,2.25,61578,1.08767e-10,2.01823e-12,1.10785e-10,23762.8,1.30439e+06,-15.3780,0.00048
rff-mff-xtyp,ff,ff,typical,125,2.7,61578,1.08789e-10,2.01823e-12,1.10807e-10,23757.9,1.30439e+06,-15.3764,0.00048
rff-mss-xff,ff,ss,ff,-40,0.3,62304.3,1.21112e-10,1.8151e-12,1.22927e-10,21091.8,1.42844e+06,-13.8639,0.00054
rff-mss-xff,ff,ss,ff,-40,0.9,62305.3,1.30832e-10,1.8151e-12,1.32647e-10,19524.6,1.42685e+06,-13.3475,0.00054
rff-mss-xff,ff,ss,ff,-40,1.35,62305.5,1.32409e-10,1.8151e-12,1.34224e-10,19292,1.42661e+06,-13.2703,0.00054
rff-mss-xff,ff,ss,ff,-40,1.8,62305.5,1.3282e-10,1.8151e-12,1.34635e-10,19232.2,1.42655e+06,-13.2504,0.00054
rff-mss-xff,ff,ss,ff,-40,2.25,62305.6,1.32926e-10,1.8151e-12,1.34741e-10,19216.9,1.42653e+06,-13.2453,0.00054
rff-mss-xff,ff,ss,ff,-40,2.7,62305.5,1.32953e-10,1.8151e-12,1.34768e-10,19213,1.42653e+06,-13.2440,0.00054
rff-mss-xff,ff,ss,ff,27,0.3,61726.3,1.21112e-10,1.8173e-12,1.22929e-10,21289.3,1.44009e+06,-13.8697,0.00053
rff-mss-xff,ff,ss,ff,27,0.9,61727.2,1.30832e-10,1.8173e-12,1.32649e-10,19707.5,1.43849e+06,-13.3552,0.00053
rff-mss-xff,ff,ss,ff,27,1.35,61727.4,1.32409e-10,1.8173e-12,1.34226e-10,19472.7,1.43825e+06,-13.2772,0.00053
rff-mss-xff,ff,ss,ff,27,1.8,61727.4,1.3282e-10,1.8173e-12,1.34637e-10,19412.3,1.43819e+06,-13.2572,0.00053
rff-mss-xff,ff,ss,ff,27,2.25,61727.4,1.32926e-10,1.8173e-12,1.34743e-10,19396.9,1.43818e+06,-13.2520,0.00053
rff-mss-xff,ff,ss,ff,27,2.7,61727.5,1.32953e-10,1.8173e-12,1.3477e-10,19392.9,1.43817e+06,-13.2507,0.00053
rff-mss-xff,ff,ss,ff,125,0.3,61580.7,1.21112e-10,1.81888e-12,1.22931e-10,21339.7,1.44227e+06,-13.8752,0.00052
rff-mss-xff,ff,ss,ff,125,0.9,61581.5,1.30832e-10,1.81888e-12,1.3265e-10,19754.1,1.44066e+06,-13.3609,0.00052
rff-mss-xff,ff,ss,ff,125,1.35,61581.7,1.32409e-10,1.81888e-12,1.34228e-10,19518.7,1.44042e+06,-13.2828,0.00052
rff-mss-xff,ff,ss,ff,125,1.8,61581.7,1.3282e-10,1.81888e-12,1.34639e-10,19458.3,1.44036e+06,-13.2627,0.00052
rff-mss-xff,ff,ss,ff,125,2.25,61581.8,1.32926e-10,1.81888e-12,1.34745e-10,19442.8,1.44035e+06,-13.2575,0.00052
rff-mss-xff,ff,ss,ff,125,2.7,61581.8,1.32953e-10,1.81888e-12,1.34772e-10,19438.8,1.44034e+06,-13.2562,0.00052
rff-mss-xss,ff,ss,ss,-40,0.3,62302,1.21112e-10,2.21299e-12,1.23325e-10,21092.6,1.17545e+06,-15.2630,0.00046
rff-mss-xss,ff,ss,ss,-40,0.9,62302.8,1.30832e-10,2.21299e-12,1.33045e-10,19525.4,1.17387e+06,-14.7019,0.00046
rff-mss-xss,ff,ss,ss,-40,1.35,62303,1.32409e-10,2.21299e-12,1.34622e-10,19292.8,1.17363e+06,-14.6157,0.00046
rff-mss-xss,ff,ss,ss,-40,1.8,62303,1.3282e-10,2.21299e-12,1.35033e-10,19233,1.17357e+06,-14.5936,0.00046
rff-mss-xss,ff,ss,ss,-40,2.25,62303.1,1.32926e-10,2.21299e-12,1.35139e-10,19217.7,1.17355e+06,-14.5879,0.00046
rff-mss-xss,ff,ss,ss,-40,2.7,62303.1,1.32953e-10,2.21299e-12,1.35166e-10,19213.8,1.17355e+06,-14.5865,0.00046
rff-mss-xss,ff,ss,ss,27,0.3,61724,1.21112e-10,2.21567e-12,1.23328e-10,21290.1,1.18505e+06,-15.2716,0.00045
rff-mss-xss,ff,ss,ss,27,0.9,61724.9,1.30832e-10,2.21567e-12,1.33047e-10,19708.2,1.18345e+06,-14.7125,0.00045
rff-mss-xss,ff,ss,ss,27,1.35,61725,1.32409e-10,2.21567e-12,1.34624e-10,19473.4,1.18321e+06,-14.6255,0.00045
rff-mss-xss,ff,ss,ss,27,1.8,61725.1,1.3282e-10,2.21567e-12,1.35036e-10,19413.1,1.18315e+06,-14.6031,0.00045
rff-mss-xss,ff,ss,ss,27,2.25,61725.1,1.32926e-10,2.21567e-12,1.35142e-10,19397.6,1.18313e+06,-14.5974,0.00045
rff-mss-xss,ff,ss,ss,27,2.7,61725.1,1.32953e-10,2.21567e-12,1.35169e-10,19393.7,1.18313e+06,-14.5959,0.00045
rff-mss-xss,ff,ss,ss,125,0.3,61578.3,1.21112e-10,2.21759e-12,1.2333e-10,21340.5,1.18684e+06,-15.2781,0.00045
rff-mss-xss,ff,ss,ss,125,0.9,61579.3,1.30832e-10,2.21759e-12,1.33049e-10,19754.8,1.18523e+06,-14.7192,0.00045
rff-mss-xss,ff,ss,ss,125,1.35,61579.4,1.32409e-10,2.21759e-12,1.34626e-10,19519.4,1.18499e+06,-14.6321,0.00045
rff-mss-xss,ff,ss,ss,125,1.8,61579.4,1.3282e-10,2.21759e-12,1.35038e-10,19459,1.18493e+06,-14.6097,0.00045
rff-mss-xss,ff,ss,ss,125,2.25,61579.4,1.32926e-10,2.21759e-12,1.35143e-10,19443.5,1.18492e+06,-14.6039,0.00045
rff-mss-xss,ff,ss,ss,125,2.7,61579.4,1.32953e-10,2.21759e-12,1.35171e-10,19439.6,1.18491e+06,-14.6024,0.00045
rff-mss-xtyp,ff,ss,typical,-40,0.3,62303.1,1.21112e-10,2.01404e-12,1.23126e-10,21092.2,1.28945e+06,-14.5823,0.00050
rff-mss-xtyp,ff,ss,typical,-40,0.9,62304,1.30832e-10,2.01404e-12,1.32846e-10,19525,1.28786e+06,-14.0421,0.00050
rff-mss-xtyp,ff,ss,typical,-40,1.35,62304.2,1.32409e-10,2.01404e-12,1.34423e-10,19292.4,1.28763e+06,-13.9605,0.00050
rff-mss-xtyp,ff,ss,typical,-40,1.8,62304.2,1.3282e-10,2.01404e-12,1.34834e-10,19232.6,1.28757e+06,-13.9396,0.00050
rff-mss-xtyp,ff,ss,typical,-40,2.25,62304.3,1.32926e-10,2.01404e-12,1.3494e-10,19217.3,1.28755e+06,-13.9342,0.00050
rff-mss-xtyp,ff,ss,typical,-40,2.7,62304.2,1.32953e-10,2.01404e-12,1.34967e-10,19213.4,1.28755e+06,-13.9328,0.00050
rff-mss-xtyp,ff,ss,typical,27,0.3,61725.2,1.21112e-10,2.01648e-12,1.23129e-10,21289.7,1.29998e+06,-14.5892,0.00048
rff-mss-xtyp,ff,ss,typical,27,0.9,61725.9,1.30832e-10,2.01648e-12,1.32848e-10,19707.9,1.29838e+06,-14.0509,0.00048
rff-mss-xtyp,ff,ss,typical,27,1.35,61726.2,1.32409e-10,2.01648e-12,1.34425e-10,19473.1,1.29814e+06,-13.9685,0.00048
rff-mss-xtyp,ff,ss,typical,27,1.8,61726.2,1.3282e-10,2.01648e-12,1.34837e-10,19412.7,1.29808e+06,-13.9474,0.00048
rff-mss-xtyp,ff,ss,typical,27,2.25,61726.2,1.32926e-10,2.01648e-12,1.34942e-10,19397.3,1.29806e+06,-13.9420,0.00048
rff-mss-xtyp,ff,ss,typical,27,2.7,61726.2,1.32953e-10,2.01648e-12,1.34969e-10,19393.3,1.29806e+06,-13.9406,0.00048
rff-mss-xtyp,ff,ss,typical,125,0.3,61579.5,1.21112e-10,2.01823e-12,1.2313e-10,21340.1,1.30194e+06,-14.5951,0.00048
rff-mss-xtyp,ff,ss,typical,125,0.9,61580.3,1.30832e-10,2.01823e-12,1.3285e-10,19754.5,1.30034e+06,-14.0571,0.00048
rff-mss-xtyp,ff,ss,typical,125,1.35,61580.4,1.32409e-10,2.01823e-12,1.34427e-10,19519.1,1.3001e+06,-13.9745,0.00048
rff-mss-xtyp,ff,ss,typical,125,1.8,61580.5,1.3282e-10,2.01823e-12,1.34838e-10,19458.7,1.30004e+06,-13.9533,0.00048
rff-mss-xtyp,ff,ss,typical,125,2.25,61580.5,1.32926e-10,2.01823e-12,1.34944e-10,19443.2,1.30002e+06,-13.9479,0.00048
rff-mss-xtyp,ff,ss,typical,125,2.7,61580.6,1.32953e-10,2.01823e-12,1.34971e-10,19439.2,1.30001e+06,-13.9465,0.00048
rff-mtyp-xff,ff,typical,ff,-40,0.3,62302.9,1.10107e-10,1.8151e-12,1.11922e-10,23200.6,1.43058e+06,-14.5226,0.00054
rff-mtyp-xff,ff,typical,ff,-40,0.9,62304.1,1.18943e-10,1.8151e-12,1.20758e-10,21476.6,1.42883e+06,-13.9843,0.00054
rff-mtyp-xff,ff,typical,ff,-40,1.35,62304.3,1.20376e-10,1.8151e-12,1.22191e-10,21220.8,1.42857e+06,-13.9043,0.00054
rff-mtyp-xff,ff,typical,ff,-40,1.8,62304.2,1.2075e-10,1.8151e-12,1.22565e-10,21155.1,1.4285e+06,-13.8837,0.00054
rff-mtyp-xff,ff,typical,ff,-40,2.25,62304.3,1.20846e-10,1.8151e-12,1.22662e-10,21138.2,1.42848e+06,-13.8784,0.00054
rff-mtyp-xff,ff,typical,ff,-40,2.7,62304.3,1.20871e-10,1.8151e-12,1.22686e-10,21133.9,1.42848e+06,-13.8771,0.00054
rff-mtyp-xff,ff,typical,ff,27,0.3,61725,1.10107e-10,1.8173e-12,1.11924e-10,23417.8,1.44225e+06,-14.5312,0.00053
rff-mtyp-xff,ff,typical,ff,27,0.9,61726,1.18943e-10,1.8173e-12,1.2076e-10,21677.8,1.44049e+06,-13.9912,0.00053
rff-mtyp-xff,ff,typical,ff,27,1.35,61726.2,1.20376e-10,1.8173e-12,1.22194e-10,21419.5,1.44023e+06,-13.9104,0.00053
rff-mtyp-xff,ff,typical,ff,27,1.8,61726.3,1.2075e-10,1.8173e-12,1.22568e-10,21353.1,1.44016e+06,-13.8897,0.00053
rff-mtyp-xff,ff,typical,ff,27,2.25,61726.3,1.20846e-10,1.8173e-12,1.22664e-10,21336.1,1.44014e+06,-13.8844,0.00053
rff-mtyp-xff,ff,typical,ff,27,2.7,61726.3,1.20871e-10,1.8173e-12,1.22688e-10,21331.8,1.44014e+06,-13.8830,0.00053
rff-mtyp-xff,ff,typical,ff,125,0.3,61579.4,1.10107e-10,1.81888e-12,1.11926e-10,23473.1,1.44443e+06,-14.5367,0.00052
rff-mtyp-xff,ff,typical,ff,125,0.9,61580.4,1.18943e-10,1.81888e-12,1.20761e-10,21729,1.44266e+06,-13.9969,0.00052
rff-mtyp-xff,ff,typical,ff,125,1.35,61580.6,1.20376e-10,1.81888e-12,1.22195e-10,21470.1,1.4424e+06,-13.9160,0.00052
rff-mtyp-xff,ff,typical,ff,125,1.8,61580.6,1.2075e-10,1.81888e-12,1.22569e-10,21403.6,1.44233e+06,-13.8952,0.00052
rff-mtyp-xff,ff,typical,ff,125,2.25,61580.7,1.20846e-10,1.81888e-12,1.22665e-10,21386.6,1.44232e+06,-13.8899,0.00052
rff-mtyp-xff,ff,typical,ff,125,2.7,61580.7,1.20871e-10,1.81888e-12,1.2269e-10,21382.3,1.44231e+06,-13.8885,0.00052
rff-mtyp-xss,ff,typical,ss,-40,0.3,62300.7,1.10107e-10,2.21299e-12,1.1232e-10,23201.4,1.17758e+06,-15.9856,0.00046
rff-mtyp-xss,ff,typical,ss,-40,0.9,62301.7,1.18943e-10,2.21299e-12,1.21156e-10,21477.5,1.17584e+06,-15.3972,0.00046
rff-mtyp-xss,ff,typical,ss,-40,1.35,62301.9,1.20376e-10,2.21299e-12,1.22589e-10,21221.6,1.17558e+06,-15.3080,0.00046
rff-mtyp-xss,ff,typical,ss,-40,1.8,62301.9,1.2075e-10,2.21299e-12,1.22963e-10,21155.8,1.17551e+06,-15.2850,0.00046
rff-mtyp-xss,ff,typical,ss,-40,2.25,62301.9,1.20846e-10,2.21299e-12,1.23059e-10,21139,1.17549e+06,-15.2792,0.00046
rff-mtyp-xss,ff,typical,ss,-40,2.7,62302,1.20871e-10,2.21299e-12,1.23084e-10,21134.7,1.17549e+06,-15.2777,0.00046
rff-mtyp-xss,ff,typical,ss,27,0.3,61722.8,1.10107e-10,2.21567e-12,1.12322e-10,23418.6,1.1872e+06,-15.9934,0.00045
rff-mtyp-xss,ff,typical,ss,27,0.9,61723.7,1.18943e-10,2.21567e-12,1.21158e-10,21678.6,1.18544e+06,-15.4070,0.00045
rff-mtyp-xss,ff,typical,ss,27,1.35,61723.9,1.20376e-10,2.21567e-12,1.22592e-10,21420.3,1.18518e+06,-15.3170,0.00045
rff-mtyp-xss,ff,typical,ss,27,1.8,61723.9,1.2075e-10,2.21567e-12,1.22966e-10,21353.9,1.18511e+06,-15.2939,0.00045
rff-mtyp-xss,ff,typical,ss,27,2.25,61724,1.20846e-10,2.21567e-12,1.23062e-10,21336.9,1.18509e+06,-15.2879,0.00045
rff-mtyp-xss,ff,typical,ss,27,2.7,61724,1.20871e-10,2.21567e-12,1.23087e-10,21332.6,1.18509e+06,-15.2864,0.00045
rff-mtyp-xss,ff,typical,ss,125,0.3,61577.1,1.10107e-10,2.21759e-12,1.12324e-10,23474,1.18899e+06,-15.9999,0.00044
rff-mtyp-xss,ff,typical,ss,125,0.9,61578,1.18943e-10,2.21759e-12,1.2116e-10,21729.9,1.18723e+06,-15.4139,0.00044
rff-mtyp-xss,ff,typical,ss,125,1.35,61578.2,1.20376e-10,2.21759e-12,1.22594e-10,21471,1.18697e+06,-15.3236,0.00044
rff-mtyp-xss,ff,typical,ss,125,1.8,61578.3,1.2075e-10,2.21759e-12,1.22968e-10,21404.4,1.1869e+06,-15.3004,0.00045
rff-mtyp-xss,ff,typical,ss,125,2.25,61578.3,1.20847e-10,2.21759e-12,1.23064e-10,21387.4,1.18688e+06,-15.2945,0.00044
rff-mtyp-xss,ff,typical,ss,125,2.7,61578.3,1.20871e-10,2.21759e-12,1.23089e-10,21383.1,1.18688e+06,-15.2930,0.00045
rff-mtyp-xtyp,ff,typical,typical,-40,0.3,62301.7,1.10107e-10,2.01404e-12,1.12121e-10,23201,1.29159e+06,-15.2761,0.00050
rff-mtyp-xtyp,ff,typical,typical,-40,0.9,62302.9,1.18943e-10,2.01404e-12,1.20957e-10,21477.1,1.28984e+06,-14.7094,0.00050
rff-mtyp-xtyp,ff,typical,typical,-40,1.35,62303,1.20376e-10,2.01404e-12,1.2239e-10,21221.2,1.28958e+06,-14.6249,0.00050
rff-mtyp-xtyp,ff,typical,typical,-40,1.8,62303.1,1.2075e-10,2.01404e-12,1.22764e-10,21155.4,1.28951e+06,-14.6032,0.00050
rff-mtyp-xtyp,ff,typical,typical,-40,2.25,62303.1,1.20846e-10,2.01404e-12,1.22861e-10,21138.6,1.2895e+06,-14.5976,0.00050
rff-mtyp-xtyp,ff,typical,typical,-40,2.7,62303.1,1.20871e-10,2.01404e-12,1.22885e-10,21134.3,1.28949e+06,-14.5962,0.00050
rff-mtyp-xtyp,ff,typical,typical,27,0.3,61723.8,1.10107e-10,2.01648e-12,1.12123e-10,23418.2,1.30213e+06,-15.2822,0.00048
rff-mtyp-xtyp,ff,typical,typical,27,0.9,61724.8,1.18943e-10,2.01648e-12,1.20959e-10,21678.2,1.30037e+06,-14.7174,0.00048
rff-mtyp-xtyp,ff,typical,typical,27,1.35,61725,1.20376e-10,2.01648e-12,1.22393e-10,21419.9,1.30011e+06,-14.6322,0.00048
rff-mtyp-xtyp,ff,typical,typical,27,1.8,61725.1,1.2075e-10,2.01648e-12,1.22767e-10,21353.6,1.30004e+06,-14.6102,0.00048
rff-mtyp-xtyp,ff,typical,typical,27,2.25,61725.1,1.20846e-10,2.01648e-12,1.22863e-10,21336.6,1.30002e+06,-14.6046,0.00048
rff-mtyp-xtyp,ff,typical,typical,27,2.7,61725.1,1.20871e-10,2.01648e-12,1.22888e-10,21332.2,1.30002e+06,-14.6032,0.00048
rff-mtyp-xtyp,ff,typical,typical,125,0.3,61578.2,1.10107e-10,2.01823e-12,1.12125e-10,23473.6,1.3041e+06,-15.2881,0.00048
rff-mtyp-xtyp,ff,typical,typical,125,0.9,61579.1,1.18943e-10,2.01823e-12,1.20961e-10,21729.5,1.30233e+06,-14.7236,0.00048
rff-mtyp-xtyp,ff,typical,typical,125,1.35,61579.4,1.20376e-10,2.01823e-12,1.22395e-10,21470.6,1.30207e+06,-14.6382,0.00048
rff-mtyp-xtyp,ff,typical,typical,125,1.8,61579.4,1.2075e-10,2.01823e-12,1.22769e-10,21404.1,1.302e+06,-14.6162,0.00048
rff-mtyp-xtyp,ff,typical,typical,125,2.25,61579.4,1.20846e-10,2.01823e-12,1.22865e-10,21387,1.30199e+06,-14.6106,0.00048
rff-mtyp-xtyp,ff,typical,typical,125,2.7,61579.4,1.20871e-10,2.01823e-12,1.22889e-10,21382.7,1.30198e+06,-14.6092,0.00048
rss-mff-xff,ss,ff,ff,-40,0.3,93349.8,9.91015e-11,1.81378e-12,1.00915e-10,17203.9,957191,-15.2835,0.00126
rss-mff-xff,ss,ff,ff,-40,0.9,93352.1,1.07054e-10,1.81378e-12,1.08867e-10,15925.6,955890,-14.7214,0.00126
rss-mff-xff,ss,ff,ff,-40,1.35,93352.3,1.08344e-10,1.81378e-12,1.10158e-10,15735.9,955698,-14.6378,0.00126
rss-mff-xff,ss,ff,ff,-40,1.8,93352.3,1.08681e-10,1.81378e-12,1.10494e-10,15687.1,955650,-14.6164,0.00126
rss-mff-xff,ss,ff,ff,-40,2.25,93352.3,1.08767e-10,1.81378e-12,1.10581e-10,15674.6,955637,-14.6109,0.00126
rss-mff-xff,ss,ff,ff,-40,2.7,93352.4,1.08789e-10,1.81378e-12,1.10603e-10,15671.4,955633,-14.6095,0.00126
rss-mff-xff,ss,ff,ff,27,0.3,92494.8,9.91015e-11,1.81599e-12,1.00917e-10,17362.9,964884,-15.2954,0.00124
rss-mff-xff,ss,ff,ff,27,0.9,92496.9,1.07054e-10,1.81599e-12,1.0887e-10,16072.8,963573,-14.7280,0.00124
rss-mff-xff,ss,ff,ff,27,1.35,92497.2,1.08344e-10,1.81599e-12,1.1016e-10,15881.3,963378,-14.6437,0.00124
rss-mff-xff,ss,ff,ff,27,1.8,92497.2,1.08681e-10,1.81599e-12,1.10497e-10,15832.1,963329,-14.6220,0.00124
rss-mff-xff,ss,ff,ff,27,2.25,92497.3,1.08767e-10,1.81599e-12,1.10583e-10,15819.5,963315,-14.6165,0.00124
rss-mff-xff,ss,ff,ff,27,2.7,92497.2,1.08789e-10,1.81599e-12,1.10605e-10,15816.3,963313,-14.6151,0.00124
rss-mff-xff,ss,ff,ff,125,0.3,92292.8,9.91015e-11,1.81757e-12,1.00919e-10,17400.9,966171,-15.3019,0.00123
rss-mff-xff,ss,ff,ff,125,0.9,92295,1.07054e-10,1.81757e-12,1.08871e-10,16108,964856,-14.7340,0.00123
rss-mff-xff,ss,ff,ff,125,1.35,92295.3,1.08344e-10,1.81757e-12,1.10162e-10,15916.1,964661,-14.6494,0.00123
rss-mff-xff,ss,ff,ff,125,1.8,92295.3,1.08681e-10,1.81757e-12,1.10498e-10,15866.8,964611,-14.6277,0.00123
rss-mff-xff,ss,ff,ff,125,2.25,92295.3,1.08767e-10,1.81757e-12,1.10585e-10,15854.2,964598,-14.6222,0.00123
rss-mff-xff,ss,ff,ff,125,2.7,92295.3,1.08789e-10,1.81757e-12,1.10607e-10,15850.9,964595,-14.6207,0.00123
rss-mff-xss,ss,ff,ss,-40,0.3,93340.2,9.91015e-11,2.21168e-12,1.01313e-10,17205.7,788160,-16.8210,0.00104
rss-mff-xss,ss,ff,ss,-40,0.9,93341.9,1.07054e-10,2.21168e-12,1.09265e-10,15927.3,786868,-16.2026,0.00104
rss-mff-xss,ss,ff,ss,-40,1.35,93342.3,1.08344e-10,2.21168e-12,1.10556e-10,15737.5,786675,-16.1096,0.00104
rss-mff-xss,ss,ff,ss,-40,1.8,93342.4,1.08681e-10,2.21168e-12,1.10892e-10,15688.8,786625,-16.0856,0.00104
rss-mff-xss,ss,ff,ss,-40,2.25,93342.4,1.08767e-10,2.21168e-12,1.10979e-10,15676.3,786613,-16.0795,0.00104
rss-mff-xss,ss,ff,ss,-40,2.7,93342.4,1.08789e-10,2.21168e-12,1.11001e-10,15673.1,786609,-16.0779,0.00104
rss-mff-xss,ss,ff,ss,27,0.3,92485.3,9.91015e-11,2.21438e-12,1.01316e-10,17364.7,794499,-16.8286,0.00103
rss-mff-xss,ss,ff,ss,27,0.9,92487,1.07054e-10,2.21438e-12,1.09268e-10,16074.5,793195,-16.2123,0.00103
rss-mff-xss,ss,ff,ss,27,1.35,92487.3,1.08344e-10,2.21438e-12,1.10558e-10,15883,793000,-16.1184,0.00103
rss-mff-xss,ss,ff,ss,27,1.8,92487.4,1.08681e-10,2.21438e-12,1.10895e-10,15833.8,792950,-16.0942,0.00103
rss-mff-xss,ss,ff,ss,27,2.25,92487.4,1.08767e-10,2.21438e-12,1.10981e-10,15821.2,792938,-16.0880,0.00103
rss-mff-xss,ss,ff,ss,27,2.7,92487.5,1.08789e-10,2.21438e-12,1.11004e-10,15818,792934,-16.0865,0.00103
rss-mff-xss,ss,ff,ss,125,0.3,92283.4,9.91015e-11,2.2163e-12,1.01318e-10,17402.7,795559,-16.8353,0.00102
rss-mff-xss,ss,ff,ss,125,0.9,92285.1,1.07054e-10,2.2163e-12,1.0927e-10,16109.7,794253,-16.2193,0.00102
rss-mff-xss,ss,ff,ss,125,1.35,92285.4,1.08344e-10,2.2163e-12,1.1056e-10,15917.8,794058,-16.1251,0.00102
rss-mff-xss,ss,ff,ss,125,1.8,92285.6,1.08681e-10,2.2163e-12,1.10897e-10,15868.4,794007,-16.1009,0.00102
rss-mff-xss,ss,ff,ss,125,2.25,92285.6,1.08767e-10,2.2163e-12,1.10983e-10,15855.8,793994,-16.0947,0.00102
rss-mff-xss,ss,ff,ss,125,2.7,92285.6,1.08789e-10,2.2163e-12,1.11006e-10,15852.6,793991,-16.0932,0.00102
rss-mff-xtyp,ss,ff,typical,-40,0.3,93344.4,9.91015e-11,2.01273e-12,1.01114e-10,17204.9,864327,-16.0752,0.00114
rss-mff-xtyp,ss,ff,typical,-40,0.9,93346.6,1.07054e-10,2.01273e-12,1.09066e-10,15926.5,863030,-15.4820,0.00114
rss-mff-xtyp,ss,ff,typical,-40,1.35,93346.9,1.08344e-10,2.01273e-12,1.10357e-10,15736.8,862837,-15.3938,0.00114
rss-mff-xtyp,ss,ff,typical,-40,1.8,93346.9,1.08681e-10,2.01273e-12,1.10693e-10,15688,862788,-15.3711,0.00114
rss-mff-xtyp,ss,ff,typical,-40,2.25,93347,1.08767e-10,2.01273e-12,1.1078e-10,15675.5,862775,-15.3653,0.00114
rss-mff-xtyp,ss,ff,typical,-40,2.7,93346.9,1.08789e-10,2.01273e-12,1.10802e-10,15672.4,862773,-15.3638,0.00114
rss-mff-xtyp,ss,ff,typical,27,0.3,92489.7,9.91015e-11,2.01518e-12,1.01117e-10,17363.9,871275,-16.0836,0.00112
rss-mff-xtyp,ss,ff,typical,27,0.9,92491.5,1.07054e-10,2.01518e-12,1.09069e-10,16073.7,869968,-15.4898,0.00112
rss-mff-xtyp,ss,ff,typical,27,1.35,92491.9,1.08344e-10,2.01518e-12,1.10359e-10,15882.2,869773,-15.4008,0.00112
rss-mff-xtyp,ss,ff,typical,27,1.8,92492,1.08681e-10,2.01518e-12,1.10696e-10,15833,869723,-15.3779,0.00112
rss-mff-xtyp,ss,ff,typical,27,2.25,92492,1.08767e-10,2.01518e-12,1.10782e-10,15820.4,869710,-15.3720,0.00112
rss-mff-xtyp,ss,ff,typical,27,2.7,92492,1.08789e-10,2.01518e-12,1.10804e-10,15817.2,869706,-15.3705,0.00112
rss-mff-xtyp,ss,ff,typical,125,0.3,92287.8,9.91015e-11,2.01694e-12,1.01118e-10,17401.9,872436,-16.0897,0.00112
rss-mff-xtyp,ss,ff,typical,125,0.9,92289.6,1.07054e-10,2.01694e-12,1.09071e-10,16108.9,871127,-15.4962,0.00112
rss-mff-xtyp,ss,ff,typical,125,1.35,92290,1.08344e-10,2.01694e-12,1.10361e-10,15917,870932,-15.4070,0.00112
rss-mff-xtyp,ss,ff,typical,125,1.8,92290,1.08681e-10,2.01694e-12,1.10698e-10,15867.7,870882,-15.3840,0.00112
rss-mff-xtyp,ss,ff,typical,125,2.25,92290.1,1.08767e-10,2.01694e-12,1.10784e-10,15855.1,870869,-15.3782,0.00112
rss-mff-xtyp,ss,ff,typical,125,2.7,92290.1,1.08789e-10,2.01694e-12,1.10806e-10,15851.8,870865,-15.3767,0.00112
rss-mss-xff,ss,ss,ff,-40,0.3,93354.8,1.21112e-10,1.81378e-12,1.22926e-10,14076.6,954014,-13.8643,0.00126
rss-mss-xff,ss,ss,ff,-40,0.9,93356.5,1.30831e-10,1.81378e-12,1.32645e-10,13030.6,952951,-13.3476,0.00126
rss-mss-xff,ss,ss,ff,-40,1.35,93356.8,1.32408e-10,1.81378e-12,1.34222e-10,12875.4,952792,-13.2704,0.00126
rss-mss-xff,ss,ss,ff,-40,1.8,93356.9,1.32819e-10,1.81378e-12,1.34633e-10,12835.5,952751,-13.2506,0.00126
rss-mss-xff,ss,ss,ff,-40,2.25,93356.9,1.32925e-10,1.81378e-12,1.34739e-10,12825.3,952741,-13.2455,0.00126
rss-mss-xff,ss,ss,ff,-40,2.7,93356.9,1.32952e-10,1.81378e-12,1.34766e-10,12822.7,952739,-13.2442,0.00126
rss-mss-xff,ss,ss,ff,27,0.3,92499.8,1.21112e-10,1.81599e-12,1.22928e-10,14206.7,961677,-13.8700,0.00124
rss-mss-xff,ss,ss,ff,27,0.9,92501.2,1.30831e-10,1.81599e-12,1.32647e-10,13151.1,960607,-13.3551,0.00124
rss-mss-xff,ss,ss,ff,27,1.35,92501.5,1.32408e-10,1.81599e-12,1.34224e-10,12994.4,960447,-13.2773,0.00124
rss-mss-xff,ss,ss,ff,27,1.8,92501.5,1.32819e-10,1.81599e-12,1.34635e-10,12954.2,960407,-13.2572,0.00124
rss-mss-xff,ss,ss,ff,27,2.25,92501.6,1.32925e-10,1.81599e-12,1.34741e-10,12943.9,960396,-13.2521,0.00124
rss-mss-xff,ss,ss,ff,27,2.7,92501.7,1.32952e-10,1.81599e-12,1.34768e-10,12941.2,960392,-13.2508,0.00124
rss-mss-xff,ss,ss,ff,125,0.3,92297.8,1.21112e-10,1.81757e-12,1.22929e-10,14237.8,962956,-13.8754,0.00124
rss-mss-xff,ss,ss,ff,125,0.9,92299.2,1.30831e-10,1.81757e-12,1.32648e-10,13179.9,961884,-13.3608,0.00124
rss-mss-xff,ss,ss,ff,125,1.35,92299.5,1.32408e-10,1.81757e-12,1.34225e-10,13022.9,961724,-13.2828,0.00124
rss-mss-xff,ss,ss,ff,125,1.8,92299.6,1.32819e-10,1.81757e-12,1.34637e-10,12982.5,961683,-13.2627,0.00124
rss-mss-xff,ss,ss,ff,125,2.25,92299.7,1.32925e-10,1.81757e-12,1.34743e-10,12972.2,961672,-13.2576,0.00124
rss-mss-xff,ss,ss,ff,125,2.7,92299.7,1.32952e-10,1.81757e-12,1.3477e-10,12969.6,961669,-13.2563,0.00124
rss-mss-xss,ss,ss,ss,-40,0.3,93344.9,1.21112e-10,2.21168e-12,1.23323e-10,14078.1,784994,-15.2631,0.00105
rss-mss-xss,ss,ss,ss,-40,0.9,93346.3,1.30831e-10,2.21168e-12,1.33042e-10,13032.1,783936,-14.7017,0.00105
rss-mss-xss,ss,ss,ss,-40,1.35,93346.7,1.32408e-10,2.21168e-12,1.3462e-10,12876.8,783778,-14.6156,0.00105
rss-mss-xss,ss,ss,ss,-40,1.8,93346.7,1.32819e-10,2.21168e-12,1.35031e-10,12836.9,783738,-14.5935,0.00105
rss-mss-xss,ss,ss,ss,-40,2.25,93346.8,1.32925e-10,2.21168e-12,1.35137e-10,12826.7,783727,-14.5879,0.00105
rss-mss-xss,ss,ss,ss,-40,2.7,93346.7,1.32952e-10,2.21168e-12,1.35164e-10,12824.1,783725,-14.5864,0.00105
rss-mss-xss,ss,ss,ss,27,0.3,92489.9,1.21112e-10,2.21438e-12,1.23326e-10,14208.2,791304,-15.2716,0.00103
rss-mss-xss,ss,ss,ss,27,0.9,92491.3,1.30831e-10,2.21438e-12,1.33045e-10,13152.5,790236,-14.7121,0.00103
rss-mss-xss,ss,ss,ss,27,1.35,92491.6,1.32408e-10,2.21438e-12,1.34622e-10,12995.8,790077,-14.6252,0.00103
rss-mss-xss,ss,ss,ss,27,1.8,92491.7,1.32819e-10,2.21438e-12,1.35034e-10,12955.6,790036,-14.6029,0.00103
rss-mss-xss,ss,ss,ss,27,2.25,92491.8,1.32925e-10,2.21438e-12,1.35139e-10,12945.3,790025,-14.5972,0.00103
rss-mss-xss,ss,ss,ss,27,2.7,92491.7,1.32952e-10,2.21438e-12,1.35166e-10,12942.6,790023,-14.5957,0.00103
rss-mss-xss,ss,ss,ss,125,0.3,92288,1.21112e-10,2.2163e-12,1.23328e-10,14239.3,792357,-15.2780,0.00102
rss-mss-xss,ss,ss,ss,125,0.9,92289.5,1.30831e-10,2.2163e-12,1.33047e-10,13181.3,791287,-14.7188,0.00102
rss-mss-xss,ss,ss,ss,125,1.35,92289.7,1.32408e-10,2.2163e-12,1.34624e-10,13024.3,791128,-14.6318,0.00102
rss-mss-xss,ss,ss,ss,125,1.8,92289.8,1.32819e-10,2.2163e-12,1.35036e-10,12983.9,791087,-14.6094,0.00102
rss-mss-xss,ss,ss,ss,125,2.25,92289.9,1.32925e-10,2.2163e-12,1.35141e-10,12973.6,791076,-14.6037,0.00102
rss-mss-xss,ss,ss,ss,125,2.7,92289.8,1.32952e-10,2.2163e-12,1.35168e-10,12970.9,791074,-14.6022,0.00102
rss-mss-xtyp,ss,ss,typical,-40,0.3,93349.5,1.21112e-10,2.01273e-12,1.23124e-10,14077.4,861155,-14.5826,0.00114
rss-mss-xtyp,ss,ss,typical,-40,0.9,93350.9,1.30831e-10,2.01273e-12,1.32843e-10,13031.4,860095,-14.0421,0.00114
rss-mss-xtyp,ss,ss,typical,-40,1.35,93351.3,1.32408e-10,2.01273e-12,1.34421e-10,12876.2,859937,-13.9606,0.00114
rss-mss-xtyp,ss,ss,typical,-40,1.8,93351.3,1.32819e-10,2.01273e-12,1.34832e-10,12836.3,859896,-13.9397,0.00114
rss-mss-xtyp,ss,ss,typical,-40,2.25,93351.5,1.32925e-10,2.01273e-12,1.34938e-10,12826,859885,-13.9343,0.00114
rss-mss-xtyp,ss,ss,typical,-40,2.7,93351.5,1.32952e-10,2.01273e-12,1.34965e-10,12823.4,859882,-13.9329,0.00114
rss-mss-xtyp,ss,ss,typical,27,0.3,92494.4,1.21112e-10,2.01518e-12,1.23127e-10,14207.5,868074,-14.5893,0.00112
rss-mss-xtyp,ss,ss,typical,27,0.9,92495.8,1.30831e-10,2.01518e-12,1.32846e-10,13151.9,867006,-14.0508,0.00112
rss-mss-xtyp,ss,ss,typical,27,1.35,92496.1,1.32408e-10,2.01518e-12,1.34423e-10,12995.2,866847,-13.9685,0.00112
rss-mss-xtyp,ss,ss,typical,27,1.8,92496.2,1.32819e-10,2.01518e-12,1.34834e-10,12954.9,866805,-13.9474,0.00112
rss-mss-xtyp,ss,ss,typical,27,2.25,92496.2,1.32925e-10,2.01518e-12,1.3494e-10,12944.6,866795,-13.9419,0.00112
rss-mss-xtyp,ss,ss,typical,27,2.7,92496.2,1.32952e-10,2.01518e-12,1.34967e-10,12942,866792,-13.9406,0.00112
rss-mss-xtyp,ss,ss,typical,125,0.3,92292.5,1.21112e-10,2.01694e-12,1.23129e-10,14238.6,869230,-14.5952,0.00112
rss-mss-xtyp,ss,ss,typical,125,0.9,92293.9,1.30831e-10,2.01694e-12,1.32848e-10,13180.7,868159,-14.0569,0.00112
rss-mss-xtyp,ss,ss,typical,125,1.35,92294.2,1.32408e-10,2.01694e-12,1.34425e-10,13023.6,867999,-13.9745,0.00112
rss-mss-xtyp,ss,ss,typical,125,1.8,92294.3,1.32819e-10,2.01694e-12,1.34836e-10,12983.3,867958,-13.9533,0.00112
rss-mss-xtyp,ss,ss,typical,125,2.25,92294.3,1.32925e-10,2.01694e-12,1.34942e-10,12973,867948,-13.9478,0.00112
rss-mss-xtyp,ss,ss,typical,125,2.7,92294.3,1.32952e-10,2.01694e-12,1.34969e-10,12970.3,867944,-13.9465,0.00112
rss-mtyp-xff,ss,typical,ff,-40,0.3,93352.4,1.10107e-10,1.81378e-12,1.1192e-10,15483.9,955446,-14.5223,0.00126
rss-mtyp-xff,ss,typical,ff,-40,0.9,93354.5,1.18942e-10,1.81378e-12,1.20756e-10,14333.4,954274,-13.9845,0.00126
rss-mtyp-xff,ss,typical,ff,-40,1.35,93354.7,1.20376e-10,1.81378e-12,1.2219e-10,14162.6,954101,-13.9046,0.00126
rss-mtyp-xff,ss,typical,ff,-40,1.8,93354.8,1.2075e-10,1.81378e-12,1.22564e-10,14118.8,954056,-13.8840,0.00126
rss-mtyp-xff,ss,typical,ff,-40,2.25,93354.8,1.20846e-10,1.81378e-12,1.2266e-10,14107.5,954045,-13.8788,0.00126
rss-mtyp-xff,ss,typical,ff,-40,2.7,93354.8,1.20871e-10,1.81378e-12,1.22684e-10,14104.7,954042,-13.8774,0.00126
rss-mtyp-xff,ss,typical,ff,27,0.3,92497.5,1.10107e-10,1.81599e-12,1.11923e-10,15627,963121,-14.5317,0.00124
rss-mtyp-xff,ss,typical,ff,27,0.9,92499.3,1.18942e-10,1.81599e-12,1.20758e-10,14465.9,961942,-13.9913,0.00124
rss-mtyp-xff,ss,typical,ff,27,1.35,92499.6,1.20376e-10,1.81599e-12,1.22192e-10,14293.6,961766,-13.9106,0.00124
rss-mtyp-xff,ss,typical,ff,27,1.8,92499.7,1.2075e-10,1.81599e-12,1.22566e-10,14249.3,961720,-13.8899,0.00124
rss-mtyp-xff,ss,typical,ff,27,2.25,92499.6,1.20846e-10,1.81599e-12,1.22662e-10,14237.9,961710,-13.8846,0.00124
rss-mtyp-xff,ss,typical,ff,27,2.7,92499.7,1.20871e-10,1.81599e-12,1.22687e-10,14235,961707,-13.8832,0.00124
rss-mtyp-xff,ss,typical,ff,125,0.3,92295.6,1.10107e-10,1.81757e-12,1.11924e-10,15661.2,964402,-14.5372,0.00123
rss-mtyp-xff,ss,typical,ff,125,0.9,92297.3,1.18942e-10,1.81757e-12,1.2076e-10,14497.6,963221,-13.9970,0.00124
rss-mtyp-xff,ss,typical,ff,125,1.35,92297.6,1.20376e-10,1.81757e-12,1.22194e-10,14324.8,963045,-13.9162,0.00124
rss-mtyp-xff,ss,typical,ff,125,1.8,92297.7,1.2075e-10,1.81757e-12,1.22568e-10,14280.5,963000,-13.8954,0.00124
rss-mtyp-xff,ss,typical,ff,125,2.25,92297.7,1.20846e-10,1.81757e-12,1.22664e-10,14269.1,962988,-13.8901,0.00124
rss-mtyp-xff,ss,typical,ff,125,2.7,92297.7,1.20871e-10,1.81757e-12,1.22688e-10,14266.2,962986,-13.8887,0.00124
rss-mtyp-xss,ss,typical,ss,-40,0.3,93342.8,1.10107e-10,2.21168e-12,1.12318e-10,15485.5,786419,-15.9858,0.00105
rss-mtyp-xss,ss,typical,ss,-40,0.9,93344.3,1.18942e-10,2.21168e-12,1.21154e-10,14334.9,785256,-15.3971,0.00105
rss-mtyp-xss,ss,typical,ss,-40,1.35,93344.7,1.20376e-10,2.21168e-12,1.22588e-10,14164.1,785082,-15.3080,0.00105
rss-mtyp-xss,ss,typical,ss,-40,1.8,93344.8,1.2075e-10,2.21168e-12,1.22962e-10,14120.3,785037,-15.2851,0.00105
rss-mtyp-xss,ss,typical,ss,-40,2.25,93344.8,1.20846e-10,2.21168e-12,1.23058e-10,14109,785026,-15.2793,0.00105
rss-mtyp-xss,ss,typical,ss,-40,2.7,93344.8,1.20871e-10,2.21168e-12,1.23082e-10,14106.2,785023,-15.2778,0.00105
rss-mtyp-xss,ss,typical,ss,27,0.3,92487.8,1.10107e-10,2.21438e-12,1.12321e-10,15628.7,792742,-15.9935,0.00103
rss-mtyp-xss,ss,typical,ss,27,0.9,92489.3,1.18942e-10,2.21438e-12,1.21157e-10,14467.5,791568,-15.4068,0.00103
rss-mtyp-xss,ss,typical,ss,27,1.35,92489.7,1.20376e-10,2.21438e-12,1.2259e-10,14295.1,791392,-15.3169,0.00103
rss-mtyp-xss,ss,typical,ss,27,1.8,92489.8,1.2075e-10,2.21438e-12,1.22964e-10,14250.8,791347,-15.2938,0.00103
rss-mtyp-xss,ss,typical,ss,27,2.25,92489.8,1.20846e-10,2.21438e-12,1.2306e-10,14239.5,791336,-15.2879,0.00103
rss-mtyp-xss,ss,typical,ss,27,2.7,92489.8,1.20871e-10,2.21438e-12,1.23085e-10,14236.6,791333,-15.2864,0.00103
rss-mtyp-xss,ss,typical,ss,125,0.3,92286,1.10107e-10,2.2163e-12,1.12323e-10,15662.8,793798,-16.0000,0.00102
rss-mtyp-xss,ss,typical,ss,125,0.9,92287.5,1.18942e-10,2.2163e-12,1.21159e-10,14499.1,792622,-15.4136,0.00102
rss-mtyp-xss,ss,typical,ss,125,1.35,92287.8,1.20376e-10,2.2163e-12,1.22592e-10,14326.3,792446,-15.3235,0.00102
rss-mtyp-xss,ss,typical,ss,125,1.8,92287.9,1.2075e-10,2.2163e-12,1.22966e-10,14282,792401,-15.3003,0.00102
rss-mtyp-xss,ss,typical,ss,125,2.25,92287.9,1.20846e-10,2.2163e-12,1.23062e-10,14270.6,792390,-15.2944,0.00102
rss-mtyp-xss,ss,typical,ss,125,2.7,92287.9,1.20871e-10,2.2163e-12,1.23087e-10,14267.7,792386,-15.2929,0.00102
rss-mtyp-xtyp,ss,typical,typical,-40,0.3,93347.2,1.10107e-10,2.01273e-12,1.12119e-10,15484.8,862582,-15.2766,0.00114
rss-mtyp-xtyp,ss,typical,typical,-40,0.9,93349,1.18942e-10,2.01273e-12,1.20955e-10,14334.2,861416,-14.7095,0.00114
rss-mtyp-xtyp,ss,typical,typical,-40,1.35,93349.3,1.20376e-10,2.01273e-12,1.22389e-10,14163.5,861242,-14.6251,0.00114
rss-mtyp-xtyp,ss,typical,typical,-40,1.8,93349.3,1.2075e-10,2.01273e-12,1.22763e-10,14119.6,861198,-14.6034,0.00114
rss-mtyp-xtyp,ss,typical,typical,-40,2.25,93349.4,1.20846e-10,2.01273e-12,1.22859e-10,14108.3,861186,-14.5979,0.00114
rss-mtyp-xtyp,ss,typical,typical,-40,2.7,93349.4,1.20871e-10,2.01273e-12,1.22883e-10,14105.5,861183,-14.5965,0.00114
rss-mtyp-xtyp,ss,typical,typical,27,0.3,92492.2,1.10107e-10,2.01518e-12,1.12122e-10,15627.9,869515,-15.2825,0.00112
rss-mtyp-xtyp,ss,typical,typical,27,0.9,92493.9,1.18942e-10,2.01518e-12,1.20957e-10,14466.7,868339,-14.7174,0.00112
rss-mtyp-xtyp,ss,typical,typical,27,1.35,92494.3,1.20376e-10,2.01518e-12,1.22391e-10,14294.4,868163,-14.6323,0.00112
rss-mtyp-xtyp,ss,typical,typical,27,1.8,92494.3,1.2075e-10,2.01518e-12,1.22765e-10,14250.1,868118,-14.6104,0.00112
rss-mtyp-xtyp,ss,typical,typical,27,2.25,92494.3,1.20846e-10,2.01518e-12,1.22861e-10,14238.8,868107,-14.6048,0.00112
rss-mtyp-xtyp,ss,typical,typical,27,2.7,92494.3,1.20871e-10,2.01518e-12,1.22886e-10,14235.9,868104,-14.6033,0.00112
rss-mtyp-xtyp,ss,typical,typical,125,0.3,92290.4,1.10107e-10,2.01694e-12,1.12124e-10,15662.1,870673,-15.2884,0.00112
rss-mtyp-xtyp,ss,typical,typical,125,0.9,92292,1.18942e-10,2.01694e-12,1.20959e-10,14498.4,869494,-14.7236,0.00112
rss-mtyp-xtyp,ss,typical,typical,125,1.35,92292.3,1.20376e-10,2.01694e-12,1.22393e-10,14325.7,869319,-14.6383,0.00112
rss-mtyp-xtyp,ss,typical,typical,125,1.8,92292.4,1.2075e-10,2.01694e-12,1.22767e-10,14281.3,869274,-14.6163,0.00112
rss-mtyp-xtyp,ss,typical,typical,125,2.25,92292.4,1.20846e-10,2.01694e-12,1.22863e-10,14269.9,869262,-14.6107,0.00112
rss-mtyp-xtyp,ss,typical,typical,125,2.7,92292.5,1.20871e-10,2.01694e-12,1.22888e-10,14267,869258,-14.6093,0.00112
rtyp-mff-xff,typical,ff,ff,-40,0.3,77822.5,9.91013e-11,1.81446e-12,1.00916e-10,20636.5,1.14775e+06,-15.2867,0.00089
rtyp-mff-xff,typical,ff,ff,-40,0.9,77824.2,1.07054e-10,1.81446e-12,1.08868e-10,19103.1,1.14619e+06,-14.7194,0.00089
rtyp-mff-xff,typical,ff,ff,-40,1.35,77824.5,1.08344e-10,1.81446e-12,1.10158e-10,18875.5,1.14596e+06,-14.6351,0.00089
rtyp-mff-xff,typical,ff,ff,-40,1.8,77824.5,1.08681e-10,1.81446e-12,1.10495e-10,18817.1,1.1459e+06,-14.6134,0.00089
rtyp-mff-xff,typical,ff,ff,-40,2.25,77824.5,1.08767e-10,1.81446e-12,1.10582e-10,18802.1,1.14589e+06,-14.6079,0.00089
rtyp-mff-xff,typical,ff,ff,-40,2.7,77824.5,1.08789e-10,1.81446e-12,1.10604e-10,18798.3,1.14588e+06,-14.6064,0.00089
rtyp-mff-xff,typical,ff,ff,27,0.3,77106.2,9.91013e-11,1.81666e-12,1.00918e-10,20828.2,1.15703e+06,-15.2929,0.00087
rtyp-mff-xff,typical,ff,ff,27,0.9,77107.6,1.07054e-10,1.81666e-12,1.0887e-10,19280.7,1.15547e+06,-14.7271,0.00087
rtyp-mff-xff,typical,ff,ff,27,1.35,77107.9,1.08344e-10,1.81666e-12,1.10161e-10,19050.9,1.15523e+06,-14.6420,0.00087
rtyp-mff-xff,typical,ff,ff,27,1.8,77108,1.08681e-10,1.81666e-12,1.10497e-10,18991.9,1.15517e+06,-14.6202,0.00087
rtyp-mff-xff,typical,ff,ff,27,2.25,77108,1.08767e-10,1.81666e-12,1.10584e-10,18976.8,1.15516e+06,-14.6146,0.00087
rtyp-mff-xff,typical,ff,ff,27,2.7,77107.9,1.08789e-10,1.81666e-12,1.10606e-10,18973,1.15515e+06,-14.6131,0.00087
rtyp-mff-xff,typical,ff,ff,125,0.3,76932.4,9.91013e-11,1.81824e-12,1.0092e-10,20875.2,1.15866e+06,-15.2988,0.00087
rtyp-mff-xff,typical,ff,ff,125,0.9,76933.8,1.07054e-10,1.81824e-12,1.08872e-10,19324.2,1.15709e+06,-14.7333,0.00087
rtyp-mff-xff,typical,ff,ff,125,1.35,76934.1,1.08344e-10,1.81824e-12,1.10162e-10,19094,1.15685e+06,-14.6480,0.00087
rtyp-mff-xff,typical,ff,ff,125,1.8,76934.2,1.08681e-10,1.81824e-12,1.10499e-10,19034.8,1.15679e+06,-14.6261,0.00087
rtyp-mff-xff,typical,ff,ff,125,2.25,76934.2,1.08767e-10,1.81824e-12,1.10585e-10,19019.7,1.15678e+06,-14.6205,0.00087
rtyp-mff-xff,typical,ff,ff,125,2.7,76934.2,1.08789e-10,1.81824e-12,1.10607e-10,19015.8,1.15677e+06,-14.6190,0.00087
rtyp-mff-xss,typical,ff,ss,-40,0.3,77817.1,9.91014e-11,2.21235e-12,1.01314e-10,20637.9,945104,-16.8188,0.00074
rtyp-mff-xss,typical,ff,ss,-40,0.9,77818.5,1.07054e-10,2.21235e-12,1.09266e-10,19104.5,943554,-16.2030,0.00074
rtyp-mff-xss,typical,ff,ss,-40,1.35,77818.7,1.08344e-10,2.21235e-12,1.10556e-10,18876.9,943323,-16.1090,0.00074
rtyp-mff-xss,typical,ff,ss,-40,1.8,77818.8,1.08681e-10,2.21235e-12,1.10893e-10,18818.4,943264,-16.0849,0.00074
rtyp-mff-xss,typical,ff,ss,-40,2.25,77818.8,1.08767e-10,2.21235e-12,1.10979e-10,18803.5,943249,-16.0787,0.00074
rtyp-mff-xss,typical,ff,ss,-40,2.7,77818.8,1.08789e-10,2.21235e-12,1.11002e-10,18799.6,943245,-16.0771,0.00074
rtyp-mff-xss,typical,ff,ss,27,0.3,77100.7,9.91013e-11,2.21504e-12,1.01316e-10,20829.7,952753,-16.8275,0.00073
rtyp-mff-xss,typical,ff,ss,27,0.9,77102.1,1.07054e-10,2.21504e-12,1.09269e-10,19282,951189,-16.2138,0.00073
rtyp-mff-xss,typical,ff,ss,27,1.35,77102.3,1.08344e-10,2.21504e-12,1.10559e-10,19052.3,950957,-16.1190,0.00073
rtyp-mff-xss,typical,ff,ss,27,1.8,77102.4,1.08681e-10,2.21504e-12,1.10896e-10,18993.3,950897,-16.0947,0.00073
rtyp-mff-xss,typical,ff,ss,27,2.25,77102.4,1.08767e-10,2.21504e-12,1.10982e-10,18978.2,950881,-16.0884,0.00073
rtyp-mff-xss,typical,ff,ss,27,2.7,77102.4,1.08789e-10,2.21504e-12,1.11004e-10,18974.3,950878,-16.0868,0.00073
rtyp-mff-xss,typical,ff,ss,125,0.3,76927,9.91013e-11,2.21697e-12,1.01318e-10,20876.7,954093,-16.8345,0.00072
rtyp-mff-xss,typical,ff,ss,125,0.9,76928.3,1.07054e-10,2.21697e-12,1.09271e-10,19325.6,952526,-16.2211,0.00073
rtyp-mff-xss,typical,ff,ss,125,1.35,76928.6,1.08344e-10,2.21697e-12,1.10561e-10,19095.3,952292,-16.1261,0.00073
rtyp-mff-xss,typical,ff,ss,125,1.8,76928.6,1.08681e-10,2.21697e-12,1.10898e-10,19036.2,952233,-16.1016,0.00073
rtyp-mff-xss,typical,ff,ss,125,2.25,76928.6,1.08767e-10,2.21697e-12,1.10984e-10,19021.1,952218,-16.0954,0.00073
rtyp-mff-xss,typical,ff,ss,125,2.7,76928.7,1.08789e-10,2.21697e-12,1.11006e-10,19017.2,952213,-16.0938,0.00073
rtyp-mff-xtyp,typical,ff,typical,-40,0.3,77819.6,9.91013e-11,2.0134e-12,1.01115e-10,20637.2,1.03642e+06,-16.0741,0.00081
rtyp-mff-xtyp,typical,ff,typical,-40,0.9,77821.1,1.07054e-10,2.0134e-12,1.09067e-10,19103.9,1.03487e+06,-15.4807,0.00081
rtyp-mff-xtyp,typical,ff,typical,-40,1.35,77821.4,1.08344e-10,2.0134e-12,1.10357e-10,18876.3,1.03463e+06,-15.3917,0.00081
rtyp-mff-xtyp,typical,ff,typical,-40,1.8,77821.4,1.08681e-10,2.0134e-12,1.10694e-10,18817.8,1.03458e+06,-15.3689,0.00081
rtyp-mff-xtyp,typical,ff,typical,-40,2.25,77821.5,1.08767e-10,2.0134e-12,1.1078e-10,18802.8,1.03456e+06,-15.3630,0.00081
rtyp-mff-xtyp,typical,ff,typical,-40,2.7,77821.5,1.08789e-10,2.0134e-12,1.10803e-10,18799,1.03456e+06,-15.3615,0.00081
rtyp-mff-xtyp,typical,ff,typical,27,0.3,77103.2,9.91013e-11,2.01585e-12,1.01117e-10,20829,1.0448e+06,-16.0810,0.00079
rtyp-mff-xtyp,typical,ff,typical,27,0.9,77104.6,1.07054e-10,2.01585e-12,1.09069e-10,19281.4,1.04324e+06,-15.4897,0.00080
rtyp-mff-xtyp,typical,ff,typical,27,1.35,77104.9,1.08344e-10,2.01585e-12,1.1036e-10,19051.7,1.04301e+06,-15.3999,0.00080
rtyp-mff-xtyp,typical,ff,typical,27,1.8,77105,1.08681e-10,2.01585e-12,1.10696e-10,18992.7,1.04295e+06,-15.3768,0.00080
rtyp-mff-xtyp,typical,ff,typical,27,2.25,77105,1.08767e-10,2.01585e-12,1.10783e-10,18977.5,1.04293e+06,-15.3709,0.00080
rtyp-mff-xtyp,typical,ff,typical,27,2.7,77105,1.08789e-10,2.01585e-12,1.10805e-10,18973.7,1.04293e+06,-15.3694,0.00080
rtyp-mff-xtyp,typical,ff,typical,125,0.3,76929.5,9.91013e-11,2.0176e-12,1.01119e-10,20876,1.04627e+06,-16.0874,0.00079
rtyp-mff-xtyp,typical,ff,typical,125,0.9,76930.9,1.07054e-10,2.0176e-12,1.09071e-10,19324.9,1.0447e+06,-15.4963,0.00079
rtyp-mff-xtyp,typical,ff,typical,125,1.35,76931.1,1.08344e-10,2.0176e-12,1.10362e-10,19094.7,1.04447e+06,-15.4063,0.00079
rtyp-mff-xtyp,typical,ff,typical,125,1.8,76931.2,1.08681e-10,2.0176e-12,1.10698e-10,19035.6,1.04441e+06,-15.3832,0.00079
rtyp-mff-xtyp,typical,ff,typical,125,2.25,76931.2,1.08767e-10,2.0176e-12,1.10785e-10,19020.4,1.04439e+06,-15.3773,0.00079
rtyp-mff-xtyp,typical,ff,typical,125,2.7,76931.2,1.08789e-10,2.0176e-12,1.10807e-10,19016.5,1.04439e+06,-15.3757,0.00079
rtyp-mss-xff,typical,ss,ff,-40,0.3,77826.4,1.21112e-10,1.81446e-12,1.22926e-10,16885.2,1.14394e+06,-13.8618,0.00089
rtyp-mss-xff,typical,ss,ff,-40,0.9,77827.6,1.30831e-10,1.81446e-12,1.32646e-10,15630.6,1.14267e+06,-13.3474,0.00089
rtyp-mss-xff,typical,ss,ff,-40,1.35,77827.9,1.32408e-10,1.81446e-12,1.34223e-10,15444.3,1.14248e+06,-13.2695,0.00089
rtyp-mss-xff,typical,ss,ff,-40,1.8,77828,1.3282e-10,1.81446e-12,1.34634e-10,15396.5,1.14243e+06,-13.2495,0.00089
rtyp-mss-xff,typical,ss,ff,-40,2.25,77828,1.32925e-10,1.81446e-12,1.3474e-10,15384.2,1.14242e+06,-13.2443,0.00089
rtyp-mss-xff,typical,ss,ff,-40,2.7,77827.9,1.32953e-10,1.81446e-12,1.34767e-10,15381.1,1.14242e+06,-13.2430,0.00089
rtyp-mss-xff,typical,ss,ff,27,0.3,77109.9,1.21112e-10,1.81666e-12,1.22929e-10,17042.1,1.15319e+06,-13.8685,0.00087
rtyp-mss-xff,typical,ss,ff,27,0.9,77111,1.30831e-10,1.81666e-12,1.32648e-10,15775.8,1.15191e+06,-13.3559,0.00088
rtyp-mss-xff,typical,ss,ff,27,1.35,77111.2,1.32408e-10,1.81666e-12,1.34225e-10,15587.9,1.15172e+06,-13.2773,0.00088
rtyp-mss-xff,typical,ss,ff,27,1.8,77111.3,1.3282e-10,1.81666e-12,1.34636e-10,15539.6,1.15167e+06,-13.2571,0.00088
rtyp-mss-xff,typical,ss,ff,27,2.25,77111.3,1.32925e-10,1.81666e-12,1.34742e-10,15527.2,1.15166e+06,-13.2519,0.00088
rtyp-mss-xff,typical,ss,ff,27,2.7,77111.3,1.32953e-10,1.81666e-12,1.34769e-10,15524.1,1.15165e+06,-13.2506,0.00088
rtyp-mss-xff,typical,ss,ff,125,0.3,76936.1,1.21112e-10,1.81824e-12,1.2293e-10,17080.6,1.15481e+06,-13.8742,0.00087
rtyp-mss-xff,typical,ss,ff,125,0.9,76937.1,1.30831e-10,1.81824e-12,1.3265e-10,15811.5,1.15353e+06,-13.3618,0.00087
rtyp-mss-xff,typical,ss,ff,125,1.35,76937.4,1.32408e-10,1.81824e-12,1.34227e-10,15623.1,1.15333e+06,-13.2830,0.00087
rtyp-mss-xff,typical,ss,ff,125,1.8,76937.5,1.3282e-10,1.81824e-12,1.34638e-10,15574.7,1.15328e+06,-13.2628,0.00087
rtyp-mss-xff,typical,ss,ff,125,2.25,76937.5,1.32926e-10,1.81824e-12,1.34744e-10,15562.3,1.15327e+06,-13.2576,0.00087
rtyp-mss-xff,typical,ss,ff,125,2.7,76937.5,1.32953e-10,1.81824e-12,1.34771e-10,15559.1,1.15327e+06,-13.2563,0.00087
rtyp-mss-xss,typical,ss,ss,-40,0.3,77820.7,1.21112e-10,2.21235e-12,1.23324e-10,16886.4,941309,-15.2627,0.00074
rtyp-mss-xss,typical,ss,ss,-40,0.9,77822,1.30831e-10,2.21235e-12,1.33044e-10,15631.7,940039,-14.7037,0.00074
rtyp-mss-xss,typical,ss,ss,-40,1.35,77822.1,1.32408e-10,2.21235e-12,1.34621e-10,15445.5,939851,-14.6168,0.00074
rtyp-mss-xss,typical,ss,ss,-40,1.8,77822.1,1.3282e-10,2.21235e-12,1.35032e-10,15397.6,939803,-14.5945,0.00074
rtyp-mss-xss,typical,ss,ss,-40,2.25,77822.2,1.32926e-10,2.21235e-12,1.35138e-10,15385.4,939791,-14.5888,0.00074
rtyp-mss-xss,typical,ss,ss,-40,2.7,77822.2,1.32953e-10,2.21235e-12,1.35165e-10,15382.3,939788,-14.5873,0.00074
rtyp-mss-xss,typical,ss,ss,27,0.3,77104.3,1.21112e-10,2.21504e-12,1.23327e-10,17043.3,948923,-15.2723,0.00073
rtyp-mss-xss,typical,ss,ss,27,0.9,77105.7,1.30831e-10,2.21504e-12,1.33046e-10,15776.9,947640,-14.7152,0.00073
rtyp-mss-xss,typical,ss,ss,27,1.35,77105.8,1.32408e-10,2.21504e-12,1.34623e-10,15589,947452,-14.6275,0.00073
rtyp-mss-xss,typical,ss,ss,27,1.8,77105.8,1.3282e-10,2.21504e-12,1.35035e-10,15540.7,947403,-14.6050,0.00073
rtyp-mss-xss,typical,ss,ss,27,2.25,77105.8,1.32926e-10,2.21504e-12,1.35141e-10,15528.3,947391,-14.5992,0.00073
rtyp-mss-xss,typical,ss,ss,27,2.7,77105.8,1.32953e-10,2.21504e-12,1.35168e-10,15525.2,947387,-14.5977,0.00073
rtyp-mss-xss,typical,ss,ss,125,0.3,76930.5,1.21112e-10,2.21697e-12,1.23329e-10,17081.8,950256,-15.2790,0.00073
rtyp-mss-xss,typical,ss,ss,125,0.9,76932,1.30831e-10,2.21697e-12,1.33048e-10,15812.5,948969,-14.7210,0.00073
rtyp-mss-xss,typical,ss,ss,125,1.35,76932,1.32408e-10,2.21697e-12,1.34625e-10,15624.2,948780,-14.6343,0.00073
rtyp-mss-xss,typical,ss,ss,125,1.8,76932.1,1.3282e-10,2.21697e-12,1.35037e-10,15575.8,948730,-14.6117,0.00073
rtyp-mss-xss,typical,ss,ss,125,2.25,76932.1,1.32926e-10,2.21697e-12,1.35142e-10,15563.4,948719,-14.6059,0.00073
rtyp-mss-xss,typical,ss,ss,125,2.7,76932.1,1.32953e-10,2.21697e-12,1.3517e-10,15560.2,948715,-14.6044,0.00073
rtyp-mss-xtyp,typical,ss,typical,-40,0.3,77823.4,1.21112e-10,2.0134e-12,1.23125e-10,16885.8,1.03262e+06,-14.5808,0.00081
rtyp-mss-xtyp,typical,ss,typical,-40,0.9,77824.5,1.30831e-10,2.0134e-12,1.32845e-10,15631.2,1.03135e+06,-14.0426,0.00081
rtyp-mss-xtyp,typical,ss,typical,-40,1.35,77824.8,1.32408e-10,2.0134e-12,1.34422e-10,15445,1.03116e+06,-13.9604,0.00081
rtyp-mss-xtyp,typical,ss,typical,-40,1.8,77824.8,1.3282e-10,2.0134e-12,1.34833e-10,15397.1,1.03111e+06,-13.9392,0.00081
rtyp-mss-xtyp,typical,ss,typical,-40,2.25,77824.8,1.32925e-10,2.0134e-12,1.34939e-10,15384.9,1.0311e+06,-13.9338,0.00081
rtyp-mss-xtyp,typical,ss,typical,-40,2.7,77824.8,1.32953e-10,2.0134e-12,1.34966e-10,15381.7,1.0311e+06,-13.9324,0.00081
rtyp-mss-xtyp,typical,ss,typical,27,0.3,77106.9,1.21112e-10,2.01585e-12,1.23128e-10,17042.8,1.04097e+06,-14.5886,0.00080
rtyp-mss-xtyp,typical,ss,typical,27,0.9,77108,1.30831e-10,2.01585e-12,1.32847e-10,15776.4,1.03969e+06,-14.0523,0.00080
rtyp-mss-xtyp,typical,ss,typical,27,1.35,77108.3,1.32408e-10,2.01585e-12,1.34424e-10,15588.5,1.0395e+06,-13.9693,0.00080
rtyp-mss-xtyp,typical,ss,typical,27,1.8,77108.3,1.3282e-10,2.01585e-12,1.34836e-10,15540.2,1.03945e+06,-13.9480,0.00080
rtyp-mss-xtyp,typical,ss,typical,27,2.25,77108.3,1.32926e-10,2.01585e-12,1.34941e-10,15527.8,1.03944e+06,-13.9425,0.00080
rtyp-mss-xtyp,typical,ss,typical,27,2.7,77108.3,1.32953e-10,2.01585e-12,1.34968e-10,15524.7,1.03943e+06,-13.9411,0.00080
rtyp-mss-xtyp,typical,ss,typical,125,0.3,76933.1,1.21112e-10,2.0176e-12,1.2313e-10,17081.3,1.04243e+06,-14.5947,0.00079
rtyp-mss-xtyp,typical,ss,typical,125,0.9,76934.2,1.30831e-10,2.0176e-12,1.32849e-10,15812.1,1.04115e+06,-14.0587,0.00079
rtyp-mss-xtyp,typical,ss,typical,125,1.35,76934.5,1.32408e-10,2.0176e-12,1.34426e-10,15623.7,1.04095e+06,-13.9755,0.00079
rtyp-mss-xtyp,typical,ss,typical,125,1.8,76934.5,1.3282e-10,2.0176e-12,1.34837e-10,15575.3,1.04091e+06,-13.9541,0.00079
rtyp-mss-xtyp,typical,ss,typical,125,2.25,76934.5,1.32926e-10,2.0176e-12,1.34943e-10,15562.9,1.04089e+06,-13.9486,0.00079
rtyp-mss-xtyp,typical,ss,typical,125,2.7,76934.6,1.32953e-10,2.0176e-12,1.3497e-10,15559.7,1.04089e+06,-13.9472,0.00079
rtyp-mtyp-xff,typical,typical,ff,-40,0.3,77824.7,1.10107e-10,1.81446e-12,1.11921e-10,18573.3,1.14566e+06,-14.5230,0.00089
rtyp-mtyp-xff,typical,typical,ff,-40,0.9,77826.1,1.18942e-10,1.81446e-12,1.20757e-10,17193.2,1.14426e+06,-13.9831,0.00089
rtyp-mtyp-xff,typical,typical,ff,-40,1.35,77826.4,1.20376e-10,1.81446e-12,1.22191e-10,16988.4,1.14405e+06,-13.9024,0.00089
rtyp-mtyp-xff,typical,typical,ff,-40,1.8,77826.4,1.2075e-10,1.81446e-12,1.22565e-10,16935.8,1.14399e+06,-13.8817,0.00089
rtyp-mtyp-xff,typical,typical,ff,-40,2.25,77826.4,1.20846e-10,1.81446e-12,1.22661e-10,16922.3,1.14398e+06,-13.8764,0.00089
rtyp-mtyp-xff,typical,typical,ff,-40,2.7,77826.5,1.20871e-10,1.81446e-12,1.22685e-10,16918.8,1.14398e+06,-13.8750,0.00089
rtyp-mtyp-xff,typical,typical,ff,27,0.3,77108.2,1.10107e-10,1.81666e-12,1.11923e-10,18745.9,1.15492e+06,-14.5290,0.00087
rtyp-mtyp-xff,typical,typical,ff,27,0.9,77109.4,1.18942e-10,1.81666e-12,1.20759e-10,17353,1.15351e+06,-13.9909,0.00087
rtyp-mtyp-xff,typical,typical,ff,27,1.35,77109.8,1.20376e-10,1.81666e-12,1.22193e-10,17146.3,1.1533e+06,-13.9095,0.00087
rtyp-mtyp-xff,typical,typical,ff,27,1.8,77109.8,1.2075e-10,1.81666e-12,1.22567e-10,17093.2,1.15324e+06,-13.8886,0.00087
rtyp-mtyp-xff,typical,typical,ff,27,2.25,77109.9,1.20846e-10,1.81666e-12,1.22663e-10,17079.6,1.15323e+06,-13.8833,0.00087
rtyp-mtyp-xff,typical,typical,ff,27,2.7,77109.9,1.20871e-10,1.81666e-12,1.22688e-10,17076.1,1.15323e+06,-13.8819,0.00087
rtyp-mtyp-xff,typical,typical,ff,125,0.3,76934.5,1.10107e-10,1.81824e-12,1.11925e-10,18788.2,1.15654e+06,-14.5347,0.00087
rtyp-mtyp-xff,typical,typical,ff,125,0.9,76935.7,1.18942e-10,1.81824e-12,1.20761e-10,17392.2,1.15513e+06,-13.9969,0.00087
rtyp-mtyp-xff,typical,typical,ff,125,1.35,76936,1.20376e-10,1.81824e-12,1.22195e-10,17185,1.15492e+06,-13.9153,0.00087
rtyp-mtyp-xff,typical,typical,ff,125,1.8,76936,1.2075e-10,1.81824e-12,1.22568e-10,17131.8,1.15486e+06,-13.8943,0.00087
rtyp-mtyp-xff,typical,typical,ff,125,2.25,76936,1.20846e-10,1.81824e-12,1.22665e-10,17118.1,1.15485e+06,-13.8890,0.00087
rtyp-mtyp-xff,typical,typical,ff,125,2.7,76936.1,1.20871e-10,1.81824e-12,1.22689e-10,17114.7,1.15484e+06,-13.8876,0.00087
rtyp-mtyp-xss,typical,typical,ss,-40,0.3,77819.1,1.10107e-10,2.21235e-12,1.12319e-10,18574.6,943016,-15.9842,0.00074
rtyp-mtyp-xss,typical,typical,ss,-40,0.9,77820.4,1.18943e-10,2.21235e-12,1.21155e-10,17194.5,941622,-15.3980,0.00074
rtyp-mtyp-xss,typical,typical,ss,-40,1.35,77820.6,1.20376e-10,2.21235e-12,1.22589e-10,16989.7,941414,-15.3080,0.00074
rtyp-mtyp-xss,typical,typical,ss,-40,1.8,77820.7,1.2075e-10,2.21235e-12,1.22963e-10,16937,941361,-15.2849,0.00074
rtyp-mtyp-xss,typical,typical,ss,-40,2.25,77820.7,1.20846e-10,2.21235e-12,1.23059e-10,16923.5,941347,-15.2790,0.00074
rtyp-mtyp-xss,typical,typical,ss,-40,2.7,77820.7,1.20871e-10,2.21235e-12,1.23083e-10,16920.1,941343,-15.2775,0.00074
rtyp-mtyp-xss,typical,typical,ss,27,0.3,77102.7,1.10107e-10,2.21504e-12,1.12322e-10,18747.2,950647,-15.9930,0.00073
rtyp-mtyp-xss,typical,typical,ss,27,0.9,77103.9,1.18943e-10,2.21504e-12,1.21158e-10,17354.3,949239,-15.4088,0.00073
rtyp-mtyp-xss,typical,typical,ss,27,1.35,77104.2,1.20376e-10,2.21504e-12,1.22591e-10,17147.5,949029,-15.3181,0.00073
rtyp-mtyp-xss,typical,typical,ss,27,1.8,77104.2,1.2075e-10,2.21504e-12,1.22965e-10,17094.4,948976,-15.2947,0.00073
rtyp-mtyp-xss,typical,typical,ss,27,2.25,77104.2,1.20846e-10,2.21504e-12,1.23061e-10,17080.8,948962,-15.2888,0.00073
rtyp-mtyp-xss,typical,typical,ss,27,2.7,77104.3,1.20871e-10,2.21504e-12,1.23086e-10,17077.3,948958,-15.2872,0.00073
rtyp-mtyp-xss,typical,typical,ss,125,0.3,76928.9,1.10107e-10,2.21697e-12,1.12324e-10,18789.6,951983,-15.9998,0.00073
rtyp-mtyp-xss,typical,typical,ss,125,0.9,76930.3,1.18943e-10,2.21697e-12,1.21159e-10,17393.5,950570,-15.4158,0.00073
rtyp-mtyp-xss,typical,typical,ss,125,1.35,76930.4,1.20376e-10,2.21697e-12,1.22593e-10,17186.3,950361,-15.3249,0.00073
rtyp-mtyp-xss,typical,typical,ss,125,1.8,76930.5,1.2075e-10,2.21697e-12,1.22967e-10,17133,950307,-15.3015,0.00073
rtyp-mtyp-xss,typical,typical,ss,125,2.25,76930.5,1.20846e-10,2.21697e-12,1.23063e-10,17119.4,950293,-15.2955,0.00073
rtyp-mtyp-xss,typical,typical,ss,125,2.7,76930.5,1.20871e-10,2.21697e-12,1.23088e-10,17115.9,950289,-15.2940,0.00073
rtyp-mtyp-xtyp,typical,typical,typical,-40,0.3,77821.7,1.10107e-10,2.0134e-12,1.1212e-10,18574,1.03433e+06,-15.2735,0.00081
rtyp-mtyp-xtyp,typical,typical,typical,-40,0.9,77823,1.18942e-10,2.0134e-12,1.20956e-10,17193.9,1.03293e+06,-14.7089,0.00081
rtyp-mtyp-xtyp,typical,typical,typical,-40,1.35,77823.3,1.20376e-10,2.0134e-12,1.2239e-10,16989.1,1.03272e+06,-14.6237,0.00081
rtyp-mtyp-xtyp,typical,typical,typical,-40,1.8,77823.4,1.2075e-10,2.0134e-12,1.22764e-10,16936.4,1.03267e+06,-14.6018,0.00081
rtyp-mtyp-xtyp,typical,typical,typical,-40,2.25,77823.3,1.20846e-10,2.0134e-12,1.2286e-10,16923,1.03266e+06,-14.5962,0.00081
rtyp-mtyp-xtyp,typical,typical,typical,-40,2.7,77823.3,1.20871e-10,2.0134e-12,1.22884e-10,16919.5,1.03265e+06,-14.5948,0.00081
rtyp-mtyp-xtyp,typical,typical,typical,27,0.3,77105.3,1.10107e-10,2.01585e-12,1.12123e-10,18746.6,1.04269e+06,-15.2805,0.00080
rtyp-mtyp-xtyp,typical,typical,typical,27,0.9,77106.5,1.18943e-10,2.01585e-12,1.20958e-10,17353.7,1.04129e+06,-14.7179,0.00080
rtyp-mtyp-xtyp,typical,typical,typical,27,1.35,77106.7,1.20376e-10,2.01585e-12,1.22392e-10,17147,1.04108e+06,-14.6319,0.00080
rtyp-mtyp-xtyp,typical,typical,typical,27,1.8,77106.8,1.2075e-10,2.01585e-12,1.22766e-10,17093.8,1.04102e+06,-14.6098,0.00080
rtyp-mtyp-xtyp,typical,typical,typical,27,2.25,77106.8,1.20846e-10,2.01585e-12,1.22862e-10,17080.2,1.04101e+06,-14.6042,0.00080
rtyp-mtyp-xtyp,typical,typical,typical,27,2.7,77106.8,1.20871e-10,2.01585e-12,1.22887e-10,17076.8,1.041e+06,-14.6027,0.00080
rtyp-mtyp-xtyp,typical,typical,typical,125,0.3,76931.5,1.10107e-10,2.0176e-12,1.12124e-10,18788.9,1.04416e+06,-15.2867,0.00079
rtyp-mtyp-xtyp,typical,typical,typical,125,0.9,76932.7,1.18942e-10,2.0176e-12,1.2096e-10,17392.9,1.04275e+06,-14.7243,0.00079
rtyp-mtyp-xtyp,typical,typical,typical,125,1.35,76933,1.20376e-10,2.0176e-12,1.22394e-10,17185.7,1.04254e+06,-14.6382,0.00079
rtyp-mtyp-xtyp,typical,typical,typical,125,1.8,76933.1,1.2075e-10,2.0176e-12,1.22768e-10,17132.4,1.04248e+06,-14.6160,0.00079
rtyp-mtyp-xtyp,typical,typical,typical,125,2.25,76933,1.20846e-10,2.0176e-12,1.22864e-10,17118.8,1.04247e+06,-14.6104,0.00079
rtyp-mtyp-xtyp,typical,typical,typical,125,2.7,76933,1.20871e-10,2.0176e-12,1.22889e-10,17115.3,1.04247e+06,-14.6089,0.00079
