# measured reference spur per PVT point: the worse of the two f_ref-offset sidebands read out of the locked output spectrum in the last window, with the zero-drift extrapolation, the TIE cross-check, the first-window value, the residual drift charge and the mean internal timestep beside it
# spur_dbc is the direct measurement, in the last spectral window of the run. It is the CONSERVATIVE number: the residual settling drift still present adds to the ripple rather than subtracting from it.
# spur_dbc_at_200mhz scales spur_dbc by 20*log10(200/150) = +2.50 dB to the ratified band's binding output frequency. That is arithmetic on the narrowband-FM relation, not a measurement.
# spur_dbc_zero_drift_fit extrapolates the per-window (drift charge, sideband amplitude) pairs to zero residual drift; fit_r2 says how well the linear model held. drift_q_fc is the last window's own residual, to be read against the 2.16-3.68 fC charge-pump asymmetry the spur is made of.
corner_id,process,temp_c,vdd_v,vstart_v,fout_hz,carrier_v,spur_lsb_dbc,spur_usb_dbc,spur_dbc,spur_dbc_at_200mhz,spur_dbc_zero_drift_fit,fit_r2,spur_tie_dbc,spur_dbc_first_window,tie_pk_ps,vctrl_ripple_mv,drift_q_fc,dt_int_mean_s,ferr,verdict_vs_minus55dbc
typical_27c_3.30v_vs1p795,typical,27,3.30,1.795,1.5001e+08,2.0947,-58.85,-58.36,-58.36,-55.87,-57.93,0.114,-56.13,-54.35,3.313,5.766,-1.602,7.354e-11,1.20e-04,PASS
ff_-40c_3.63v_vs2p430,ff,-40,3.63,2.430,1.49931e+08,2.3053,-57.38,-58.35,-57.38,-54.88,-58.55,0.001,-56.28,-63.24,3.255,7.868,2.781,6.868e-11,-5.73e-05,PASS
ss_125c_2.97v_vs1p093,ss,125,2.97,1.093,1.5005e+08,1.8847,-63.18,-63.06,-63.06,-60.56,-63.85,0.162,-63.97,-61.77,1.343,6.341,0.219,8.530e-11,2.45e-04,PASS
fs_125c_3.63v_vs1p791,fs,125,3.63,1.791,1.50015e+08,2.2991,-72.84,-72.66,-72.66,-70.16,-64.85,0.156,-65.26,-61.76,1.159,6.525,0.651,7.461e-11,1.44e-04,PASS
sf_-40c_2.97v_vs1p677,sf,-40,2.97,1.677,1.49999e+08,1.8883,-57.01,-57.45,-57.01,-54.51,-57.81,0.051,-51.49,-52.17,5.654,4.930,0.443,7.402e-11,3.79e-05,PASS
